business_unit,trip_id,stwid,event_id,event_type,start_time,acknowledge_time,state_text,severity,source
catalyst-Sac,"1,507,960",0,1d398b81-5992-4056-89c9-66a2733c1415,OVER_SPEEDING,"June 24, 2026, 6:52 AM","June 24, 2026, 6:53 AM",CLOSED,Sev-1,NA
vanta-Sea,"4,849,352",0,c12fd211-d085-4214-89d0-6faf0c7caf41,VEHICLE_STOPPAGE,"May 14, 2026, 7:26 AM","May 14, 2026, 7:34 AM",CLOSED,Sev-3,NA
vanta-Sea,"4,862,766",0,3db00c4e-4ad0-4cfd-bd79-ec82dac38a43,VEHICLE_STOPPAGE,"May 19, 2026, 9:29 AM","May 19, 2026, 9:30 AM",CLOSED,Sev-3,NA
vanta-Sea,"4,891,528",0,a725ba35-af90-440b-a104-57609a46c963,VEHICLE_STOPPAGE,"May 28, 2026, 8:38 AM","May 28, 2026, 8:45 AM",CLOSED,Sev-3,NA
vanta-Sea,"4,928,506","469,545",ef9636e4c12cac2a38919a5e93153939,WOMAN_TRAVELLING_ALONE,"June 9, 2026, 6:25 PM","June 9, 2026, 6:25 PM",CLOSED,False,NA
vanta-Sea,"4,928,506","437,035",cb0ab5e99645d97cb52fa62257705c41,WOMAN_TRAVELLING_ALONE,"June 9, 2026, 6:26 PM","June 9, 2026, 6:28 PM",CLOSED,False,NA
vanta-Sea,"4,928,506","469,545",400cd00f5d1ce58edd567945a0b0ef34,WOMAN_TRAVELLING_ALONE,"June 9, 2026, 7:26 PM","June 9, 2026, 7:27 PM",CLOSED,Sev-3,NA
vanta-Sea,"4,928,506",0,87f46aed-cdf2-432c-a8ed-be6cbd593946,DEVICE_NOT_REACHABLE,"June 9, 2026, 7:53 PM","June 9, 2026, 7:58 PM",CLOSED,False,MOBILE
pinnacle-Slc,"3,074,638",0,7188af93-33d7-4c09-a55a-5f837e38e5f0,OVER_SPEEDING,"May 7, 2026, 5:19 PM","May 7, 2026, 5:20 PM",CLOSED,Sev-3,NA
pinnacle-Slc,"3,079,716","471,225",85c3bfbce274e7e4d482ffa2cbe042ec,EMPLOYEE_SIGN_OFF_TIME_VIOLATION,"May 8, 2026, 3:49 PM","May 9, 2026, 3:54 PM",CLOSED,NA,NA
pinnacle-Slc,"3,079,716","613,650",6ace07083472b3e9939fb811b3f95dc6,EMPLOYEE_SIGN_OFF_TIME_VIOLATION,"May 8, 2026, 3:49 PM","May 9, 2026, 3:54 PM",CLOSED,NA,NA
pinnacle-Slc,"3,079,716","343,835",99b024d6bbc5d15ac003e6a1a8c1e35c,EMPLOYEE_SIGN_OFF_TIME_VIOLATION,"May 8, 2026, 3:56 PM","May 9, 2026, 4:00 PM",CLOSED,NA,NA
pinnacle-Slc,"3,111,009","432,110",99497134f3f745895b83f2cb9c5da376,EMPLOYEE_GEOFENCE_VIOLATION,"May 15, 2026, 10:46 PM","May 15, 2026, 10:49 PM",CLOSED,False,NA
pinnacle-Slc,"3,209,896",0,6e5ea0cb-b538-478e-9877-52e5acffa309,DEVICE_NOT_REACHABLE,"June 8, 2026, 5:55 PM","June 9, 2026, 6:00 PM",CLOSED,NA,MOBILE
pinnacle-Slc,"3,255,676",0,65959212-b96c-468d-98fb-3cb0a1c76b9f,VEHICLE_STOPPAGE,"June 17, 2026, 8:50 AM","June 17, 2026, 8:50 AM",CLOSED,False,NA
vanta-Sea,"4,891,278","178,920",a6a3c43c3d9145f3d59030a5a9731418,WOMAN_TRAVELLING_ALONE,"May 28, 2026, 6:55 AM","May 28, 2026, 6:56 AM",CLOSED,Sev-3,NA
vanta-Sea,"5,034,676",0,4d2b5fe2-dbdd-4310-91ac-7b2c5ab0d3df,DEVICE_NOT_REACHABLE,"July 10, 2026, 8:55 PM","July 10, 2026, 9:17 PM",CLOSED,False,MOBILE
vanta-Sea,"5,084,619","56,380",2b7d48c7ba2599df3f808fd926bb22d8,WOMAN_TRAVELLING_ALONE,"July 27, 2026, 6:58 AM","July 27, 2026, 7:07 AM",CLOSED,Sev-3,NA
pinnacle-Slc,"3,080,267","90,335",66bb6d90a57b8b647b2c9ff6e53f6c12,EMPLOYEE_SIGN_OFF_TIME_VIOLATION,"May 8, 2026, 4:21 PM","May 9, 2026, 4:27 PM",CLOSED,NA,NA
pinnacle-Slc,"3,089,039","10,425",d34e0d7146a2cb25b59794ab2bfbf3cf,EMPLOYEE_SIGN_OFF_TIME_VIOLATION,"May 11, 2026, 3:56 PM","May 12, 2026, 4:00 PM",CLOSED,NA,NA
pinnacle-Slc,"3,169,052",0,e9fe3dcc-bbea-44ed-91c3-58a523b66cef,OVER_SPEEDING,"May 29, 2026, 6:08 AM","May 29, 2026, 6:16 AM",CLOSED,Sev-3,NA
pinnacle-Slc,"3,218,546",0,1ee9e7d9-ee9a-4bdc-908c-d9d792d4598d,OVER_SPEEDING,"June 10, 2026, 8:40 AM","June 10, 2026, 8:41 AM",CLOSED,Sev-3,NA
pinnacle-Slc,"3,409,949",0,a6500c47-1fe1-4b34-ab17-d8ad0d0d837b,VEHICLE_STOPPAGE,"July 17, 2026, 8:56 AM","July 17, 2026, 9:08 AM",CLOSED,False,NA
pinnacle-Slc,"3,443,480",0,7e095689-ee89-4d7e-893a-96f65a5996ff,OVER_SPEEDING,"July 24, 2026, 7:57 AM","July 24, 2026, 8:01 AM",CLOSED,Sev-3,NA
vanta-Aus,"1,121,048",0,18643f28-44d2-4bf4-ad57-5b2b5b670d6a,VEHICLE_STOPPAGE,"May 15, 2026, 9:05 AM","May 15, 2026, 9:08 AM",CLOSED,Sev-3,NA
vanta-Sea,"4,914,064",0,2355b8f8-da9b-4675-94e2-5fd8a295cbb0,VEHICLE_STOPPAGE,"June 4, 2026, 11:38 AM","June 4, 2026, 12:04 PM",CLOSED,Sev-3,NA
pinnacle-Slc,"3,057,297",0,981aeb98-9e55-4e29-a10a-ace30543d726,DEVICE_NOT_REACHABLE,"May 4, 2026, 3:19 PM","May 5, 2026, 3:27 PM",CLOSED,NA,MOBILE
pinnacle-Slc,"3,057,297","11,060",4a7795c8d9b572a02641399c0393ad21,EMPLOYEE_SIGN_OFF_TIME_VIOLATION,"May 4, 2026, 3:42 PM","May 5, 2026, 3:45 PM",CLOSED,NA,NA
pinnacle-Slc,"3,097,317",0,aa492276-4442-451c-aff0-d252674a8fcd,DEVICE_NOT_REACHABLE,"May 13, 2026, 8:18 AM","May 14, 2026, 8:27 AM",CLOSED,NA,MOBILE
pinnacle-Slc,"3,387,091",0,d5f56a0d-c6fb-4122-b12c-4f9112032765,DEVICE_NOT_REACHABLE,"July 13, 2026, 1:58 PM","July 14, 2026, 2:00 PM",CLOSED,NA,MOBILE
catalyst-Sac,"1,471,858","63,825",08abdcb425d3c51ce41904c23b2d4a2c,EMPLOYEE_GEOFENCE_VIOLATION,"May 27, 2026, 7:57 PM","May 28, 2026, 8:00 PM",CLOSED,NA,NA
vanta-Aus,"1,227,173",0,5e4bf424-ce71-4fff-af31-00c7a2e45794,VEHICLE_STOPPAGE,"July 14, 2026, 10:17 AM","July 14, 2026, 10:19 AM",CLOSED,Sev-3,NA
vanta-Aus,"1,246,979","255,935",a6f24dc3fd6e96b5304d5d1efab12296,WOMAN_TRAVELLING_ALONE,"July 24, 2026, 6:42 PM","July 24, 2026, 6:42 PM",CLOSED,False,NA
vanta-Sea,"4,824,110","56,380",bf4fdce9fb56c35276298e61d9f64d56,WOMAN_TRAVELLING_ALONE,"May 6, 2026, 7:00 AM","May 6, 2026, 7:01 AM",CLOSED,False,NA
vanta-Sea,"4,830,144","451,945",a308045b5297b3ed4aeb8978bb16a35d,WOMAN_TRAVELLING_ALONE,"May 7, 2026, 7:08 PM","May 7, 2026, 7:08 PM",CLOSED,Sev-3,NA
vanta-Sea,"4,841,772",0,90293740-9986-453c-80ea-2e937e33dec1,VEHICLE_STOPPAGE,"May 12, 2026, 9:26 AM","May 12, 2026, 9:29 AM",CLOSED,Sev-3,NA
vanta-Sea,"4,905,335",0,be1fc345-9537-41a6-bf18-a4e8f8ca259d,VEHICLE_STOPPAGE,"June 2, 2026, 11:39 AM","June 2, 2026, 1:06 PM",CLOSED,Sev-3,NA
vanta-Sea,"4,905,335",0,3cded125-d084-44ab-87a6-11430a1b5de4,DEVICE_NOT_REACHABLE,"June 2, 2026, 12:37 PM","June 2, 2026, 1:12 PM",CLOSED,Sev-3,MOBILE
vanta-Sea,"5,021,198",0,5e4110e7-c2ce-4265-b8d2-f5f04eeacc03,DEVICE_NOT_REACHABLE,"July 7, 2026, 10:43 AM","July 7, 2026, 11:26 AM",CLOSED,False,MOBILE
pinnacle-Slc,"3,099,183","563,095",8e8b981a5565a528ad318cca89212e2e,EMPLOYEE_SIGN_OFF_TIME_VIOLATION,"May 13, 2026, 4:14 PM","May 14, 2026, 4:18 PM",CLOSED,NA,NA
pinnacle-Slc,"3,099,183","382,450",e922d3b0ebe66c7abc3352a90ed2e571,EMPLOYEE_SIGN_OFF_TIME_VIOLATION,"May 13, 2026, 4:28 PM","May 14, 2026, 4:36 PM",CLOSED,NA,NA
pinnacle-Slc,"3,178,760",0,fe797ca6-994e-481e-87fe-efca23ebef09,DEVICE_NOT_REACHABLE,"June 2, 2026, 9:36 AM","June 3, 2026, 9:45 AM",CLOSED,NA,MOBILE
pinnacle-Slc,"3,378,271",0,ba567678-14aa-4d3a-9b17-e1ab8fba6252,DEVICE_NOT_REACHABLE,"July 10, 2026, 2:59 PM","July 11, 2026, 3:00 PM",CLOSED,NA,MOBILE
vanta-Aus,"1,176,034",0,06b50d93-4721-4a54-a66c-6e4f1a3f254e,VEHICLE_STOPPAGE,"June 16, 2026, 10:09 AM","June 16, 2026, 10:11 AM",CLOSED,Sev-3,NA
catalyst-Sac,"1,481,415","576,125",d47e0796e24e24361fcc1cefa84a3d5d,EMPLOYEE_GEOFENCE_VIOLATION,"June 4, 2026, 5:06 AM","June 5, 2026, 5:09 AM",CLOSED,NA,NA
catalyst-Sac,"1,514,727","249,705",43eca04c16e4e7593a3ec653522427c6,EMPLOYEE_GEOFENCE_VIOLATION,"June 30, 2026, 12:40 AM","July 1, 2026, 12:45 AM",CLOSED,NA,NA
vanta-Sea,"4,908,205","16,575",84c7d28f50638ff47a44d2df1793b753,WOMAN_TRAVELLING_ALONE,"June 3, 2026, 6:59 AM","June 3, 2026, 7:07 AM",CLOSED,Sev-3,NA
pinnacle-Slc,"3,174,664","91,195",da206226e4ee829080f4bf7476c637e1,EMPLOYEE_GEOFENCE_VIOLATION,"June 1, 2026, 3:15 PM","June 1, 2026, 3:17 PM",CLOSED,False,NA
pinnacle-Slc,"3,187,277",0,60e9a4d7-0dc4-45e0-a55a-965e4196c98f,OVER_SPEEDING,"June 3, 2026, 7:03 AM","June 3, 2026, 7:04 AM",CLOSED,Sev-3,NA
pinnacle-Slc,"3,240,446","578,440",087504664bf42af427a59140faeb2366,EMPLOYEE_GEOFENCE_VIOLATION,"June 12, 2026, 5:59 PM","June 12, 2026, 6:01 PM",CLOSED,False,NA
pinnacle-Slc,"3,364,256","487,525",27c69b8da7cd91a8888ec6a491bda4f9,EMPLOYEE_GEOFENCE_VIOLATION,"July 8, 2026, 7:46 AM","July 8, 2026, 7:47 AM",CLOSED,False,NA
pinnacle-Slc,"3,364,256","497,590",90ab885b874fa556f58549126fbf5471,EMPLOYEE_GEOFENCE_VIOLATION,"July 8, 2026, 7:46 AM","July 8, 2026, 7:47 AM",CLOSED,False,NA
vanta-Aus,"1,110,446",0,99a0a0a1-02f5-4c7d-932f-6b0a2abeec48,DEVICE_NOT_REACHABLE,"May 8, 2026, 9:40 PM","May 8, 2026, 9:41 PM",CLOSED,Sev-3,MOBILE
vanta-Aus,"1,110,446",0,876869e8-1c22-4303-9c63-93e801dd088e,DEVICE_NOT_REACHABLE,"May 8, 2026, 10:11 PM","May 8, 2026, 10:16 PM",CLOSED,Sev-3,MOBILE
vanta-Aus,"1,110,446",0,80c189a3-c030-4816-9f46-05fad8f2d1aa,DEVICE_NOT_REACHABLE,"May 8, 2026, 10:17 PM","May 8, 2026, 10:18 PM",CLOSED,Sev-3,MOBILE
vanta-Aus,"1,110,446",0,e1e45acd-c060-4e62-9147-291148cf4aa9,DEVICE_NOT_REACHABLE,"May 8, 2026, 10:20 PM","May 8, 2026, 10:21 PM",CLOSED,Sev-3,MOBILE
catalyst-Sac,"1,453,506","619,795",b2e515af278f77fd0542bc8a7ce11012,EMPLOYEE_GEOFENCE_VIOLATION,"May 12, 2026, 11:23 PM","May 13, 2026, 11:27 PM",CLOSED,NA,NA
vanta-Aus,"1,168,512",0,24c2eeed-6e65-4a24-8942-ca9dda5a0705,DEVICE_NOT_REACHABLE,"June 11, 2026, 5:34 PM","June 11, 2026, 6:34 PM",CLOSED,Sev-3,MOBILE
vanta-Aus,"1,237,612","314,825",5f402e86ddea93d566251935005f35e1,PANIC_MOBILE,"July 20, 2026, 9:35 AM","July 20, 2026, 9:46 AM",CLOSED,False,MOBILE
orbit-Slc,"1,267,743","32,280",ec1d9d3cb3144ff3bce8ca14e81b497d,EMPLOYEE_GEOFENCE_VIOLATION,"June 8, 2026, 11:23 PM","June 8, 2026, 11:24 PM",CLOSED,Sev-3,NA
orbit-Slc,"1,267,743","35,715",e8fd525dcf503fd68f69c0a7959c4c23,EMPLOYEE_GEOFENCE_VIOLATION,"June 8, 2026, 11:27 PM","June 8, 2026, 11:28 PM",CLOSED,Sev-3,NA
orbit-Slc,"1,267,743","36,425",b2273ebe99bad20099a862fd68e82b2b,EMPLOYEE_GEOFENCE_VIOLATION,"June 8, 2026, 11:27 PM","June 8, 2026, 11:28 PM",CLOSED,Sev-3,NA
orbit-Slc,"1,267,743","53,915",543c428d72cdd664ea274421b80855a0,EMPLOYEE_GEOFENCE_VIOLATION,"June 8, 2026, 11:38 PM","June 8, 2026, 11:39 PM",CLOSED,Sev-3,NA
vanta-Sea,"4,842,401",0,6da341b7-4ffc-4d0d-a355-f150f3b972d7,VEHICLE_STOPPAGE,"May 12, 2026, 11:49 AM","May 12, 2026, 11:50 AM",CLOSED,Sev-3,NA
vanta-Sea,"4,975,009",0,66605a67-6073-4959-b630-8f3dea45b51b,DEVICE_NOT_REACHABLE,"June 23, 2026, 12:09 PM","June 23, 2026, 12:10 PM",CLOSED,Sev-3,MOBILE
vanta-Sea,"4,975,009",0,bb14de76-2fea-4904-a8af-1025147e87e3,DEVICE_NOT_REACHABLE,"June 23, 2026, 12:12 PM","June 23, 2026, 12:22 PM",CLOSED,Sev-3,MOBILE
vanta-Sea,"4,975,009",0,6535ad35-64c0-4a41-a65f-e940d701b280,DEVICE_NOT_REACHABLE,"June 23, 2026, 12:25 PM","June 23, 2026, 12:33 PM",CLOSED,Sev-3,MOBILE
vanta-Sea,"4,975,009",0,94cd3b60-9324-4827-8949-edcae5674976,DEVICE_NOT_REACHABLE,"June 23, 2026, 12:34 PM","June 23, 2026, 12:46 PM",CLOSED,Sev-3,MOBILE
vanta-Sea,"4,975,009",0,91a79e65-e563-455a-bd42-b3da8d367d13,DEVICE_NOT_REACHABLE,"June 23, 2026, 12:47 PM","June 23, 2026, 12:53 PM",CLOSED,False,MOBILE
vanta-Sea,"4,976,691","202,715",aafd7ddb6dcf336e38e51a4b3ed01ffa,WOMAN_TRAVELLING_ALONE,"June 23, 2026, 6:31 PM","June 23, 2026, 9:09 PM",CLOSED,False,NA
vanta-Sea,"4,976,691","144,620",a0350508a1ed576bb2cf31e0129db588,WOMAN_TRAVELLING_ALONE,"June 23, 2026, 6:32 PM","June 23, 2026, 9:10 PM",CLOSED,False,NA
vanta-Sea,"4,979,992",0,9d6d4ca2-4481-41f3-8f24-37a9d7448509,DEVICE_NOT_REACHABLE,"June 24, 2026, 2:20 PM","June 24, 2026, 2:28 PM",CLOSED,False,MOBILE
vanta-Sea,"4,997,462","84,470",e8e3f2bda5e2d33b4ee8b35f0e8072f7,WOMAN_TRAVELLING_ALONE,"June 30, 2026, 6:59 AM","June 30, 2026, 7:07 AM",CLOSED,Sev-3,NA
vanta-Sea,"5,094,006",0,f12790f4-0931-4c46-ad50-3d9d3df62f34,VEHICLE_STOPPAGE,"July 29, 2026, 10:29 AM","July 29, 2026, 10:30 AM",CLOSED,Sev-3,NA
vanta-Sea,"5,098,426",0,04bb66a0-a18e-47d6-9da5-0706f8f8a370,VEHICLE_STOPPAGE,"July 30, 2026, 10:45 AM","July 30, 2026, 10:54 AM",CLOSED,Sev-3,NA
pinnacle-Slc,"3,234,939","419,390",1897e38e3c04b6a49ce70dae6a0bd7bf,EMPLOYEE_GEOFENCE_VIOLATION,"June 12, 2026, 3:57 PM","June 12, 2026, 3:57 PM",CLOSED,False,NA
pinnacle-Slc,"3,234,939","431,610",dd31478379bbe937feac2eee2a8910ff,EMPLOYEE_GEOFENCE_VIOLATION,"June 12, 2026, 3:59 PM","June 12, 2026, 4:00 PM",CLOSED,False,NA
pinnacle-Slc,"3,355,496",0,9ece6273-88e8-49d0-8e4d-e12996b1a3c6,DEVICE_NOT_REACHABLE,"July 7, 2026, 8:12 AM","July 8, 2026, 8:18 AM",CLOSED,NA,MOBILE
pinnacle-Slc,"3,433,526",0,1cb33c0e-b64e-4624-a0e7-1575b31fa90b,DEVICE_NOT_REACHABLE,"July 22, 2026, 4:45 PM","July 23, 2026, 4:54 PM",CLOSED,NA,MOBILE
pinnacle-Slc,"3,458,716",0,92c7299f-1116-485a-9487-bb51e47e7223,VEHICLE_STOPPAGE,"July 28, 2026, 8:56 AM","July 28, 2026, 9:09 AM",CLOSED,False,NA
catalyst-Sac,"1,523,446","248,065",65949fee7c63989308384bfaa0a9b0c5,EMPLOYEE_GEOFENCE_VIOLATION,"July 6, 2026, 9:50 PM","July 7, 2026, 9:54 PM",CLOSED,NA,NA
catalyst-Sac,"1,535,275","645,805",f207052011989433bb31068907a45254,EMPLOYEE_GEOFENCE_VIOLATION,"July 14, 2026, 8:10 PM","July 15, 2026, 8:09 PM",CLOSED,NA,NA
catalyst-Sac,"1,535,275",0,379990a952860990f85650e978eea2e7,PANIC_FIXED_DEVICE,"July 14, 2026, 8:23 PM","July 14, 2026, 8:24 PM",CLOSED,Sev-3,EXTERNAL_DEVICE
vanta-Sea,"4,852,883","225,210",48710aecee64fd4929024651b6421bb7,WOMAN_TRAVELLING_ALONE,"May 15, 2026, 6:55 AM","May 15, 2026, 6:58 AM",CLOSED,Sev-3,NA
vanta-Sea,"4,852,883","393,755",5f63d166817cb1c9920fbd72b02848d5,WOMAN_TRAVELLING_ALONE,"May 15, 2026, 7:12 AM","May 15, 2026, 7:32 AM",CLOSED,False,NA
vanta-Sea,"4,900,892",0,3dad6f42-156d-42f1-b3c0-f875d60db0bc,VEHICLE_STOPPAGE,"June 1, 2026, 8:28 AM","June 1, 2026, 8:49 AM",CLOSED,Sev-3,NA
vanta-Sea,"4,966,104","333,265",558f126a624f24fba0c6af49bc63065a,WOMAN_TRAVELLING_ALONE,"June 19, 2026, 6:38 PM","June 19, 2026, 6:40 PM",CLOSED,False,NA
vanta-Sea,"5,071,405","462,075",c8b580111a9342dec0155bdd3eeba3d2,WOMAN_TRAVELLING_ALONE,"July 22, 2026, 6:25 PM","July 22, 2026, 6:34 PM",CLOSED,False,NA
pinnacle-Slc,"3,140,012","408,500",e1f3ad147038f73c2972a90c9b6eb9df,EMPLOYEE_GEOFENCE_VIOLATION,"May 21, 2026, 4:40 PM","May 21, 2026, 4:42 PM",CLOSED,False,NA
pinnacle-Slc,"3,305,186","508,480",024739677b63896451a9998b9db484c3,EMPLOYEE_GEOFENCE_VIOLATION,"June 25, 2026, 3:37 PM","June 25, 2026, 3:37 PM",CLOSED,False,NA
pinnacle-Slc,"3,305,186","68,755",8fe86cf0fb74490e4493d7685c8a7e1e,EMPLOYEE_GEOFENCE_VIOLATION,"June 25, 2026, 3:42 PM","June 25, 2026, 3:43 PM",CLOSED,False,NA
catalyst-Sac,"1,467,865","486,615",270fa3c74c10edea4a6a4f72a09638f9,EMPLOYEE_GEOFENCE_VIOLATION,"May 23, 2026, 12:52 AM","May 24, 2026, 12:54 AM",CLOSED,NA,NA
catalyst-Sac,"1,484,761",0,23ecc86f-1210-4aae-b6b4-ce531646a894,VEHICLE_STOPPAGE,"June 8, 2026, 5:36 AM","June 8, 2026, 5:37 AM",CLOSED,False,NA
vanta-Sea,"4,847,486","92,445",cbccc1b2929d9bc175da4adb28bdecf0,WOMAN_TRAVELLING_ALONE,"May 13, 2026, 6:51 PM","May 13, 2026, 6:55 PM",CLOSED,False,NA
vanta-Sea,"4,850,315",0,374ab74c-0f4f-49db-a03c-39c6053e4406,DEVICE_NOT_REACHABLE,"May 14, 2026, 12:54 PM","May 14, 2026, 12:55 PM",CLOSED,Sev-3,MOBILE
vanta-Sea,"4,850,315",0,a4477cd8-ea3d-4a39-8f2a-c7d8dc51212e,DEVICE_NOT_REACHABLE,"May 14, 2026, 12:57 PM","May 14, 2026, 1:23 PM",CLOSED,Sev-3,MOBILE
vanta-Sea,"4,850,315",0,0bfbb435-0864-49b0-9545-194161315fcb,DEVICE_NOT_REACHABLE,"May 14, 2026, 1:25 PM","May 14, 2026, 1:37 PM",CLOSED,Sev-3,MOBILE
vanta-Sea,"4,850,315",0,6a9710eb-9a43-44e7-af37-59040c74469a,DEVICE_NOT_REACHABLE,"May 14, 2026, 1:38 PM","May 14, 2026, 1:39 PM",CLOSED,Sev-3,MOBILE
vanta-Sea,"4,860,628","357,105",77b17dfdfd5883bc01c94cf92f193f12,WOMAN_TRAVELLING_ALONE,"May 18, 2026, 7:19 PM","May 18, 2026, 7:27 PM",CLOSED,Sev-3,NA
vanta-Sea,"4,878,092","170,560",0104e08348d4879443f40e06aebbbbde,WOMAN_TRAVELLING_ALONE,"May 23, 2026, 6:23 PM","May 23, 2026, 6:24 PM",CLOSED,False,NA
vanta-Sea,"4,878,092","73,790",71f45cb0429e0d59300ebe3361d08f39,WOMAN_TRAVELLING_ALONE,"May 23, 2026, 6:23 PM","May 23, 2026, 6:26 PM",CLOSED,False,NA
vanta-Sea,"4,878,092","73,790",d88f53d4ea6eb769596fbef55348d5de,WOMAN_TRAVELLING_ALONE,"May 23, 2026, 7:02 PM","May 23, 2026, 7:03 PM",CLOSED,Sev-3,NA
vanta-Sea,"4,937,564",0,f19cdbca-7f20-4e88-9219-f3e239770cd7,DEVICE_NOT_REACHABLE,"June 11, 2026, 10:29 PM","June 11, 2026, 11:20 PM",CLOSED,Sev-3,MOBILE
pinnacle-Slc,"3,054,411",0,8d50a066-f56e-42e4-bc75-e10f7380269c,VEHICLE_STOPPAGE,"May 4, 2026, 10:09 AM","May 4, 2026, 10:10 AM",CLOSED,False,NA
pinnacle-Slc,"3,054,411","57,790",e31768a51690aa6ea11d29bb1d93f958,EMPLOYEE_SIGN_OFF_TIME_VIOLATION,"May 4, 2026, 10:42 AM","May 5, 2026, 10:45 AM",CLOSED,NA,NA
pinnacle-Slc,"3,054,411","92,295",d8fc65b0390f79f0606c454e25f57ed8,EMPLOYEE_SIGN_OFF_TIME_VIOLATION,"May 4, 2026, 10:42 AM","May 5, 2026, 10:45 AM",CLOSED,NA,NA
pinnacle-Slc,"3,112,961","93,010",c99f8bf0047b2d8a4f36cc6df06ed728,EMPLOYEE_SIGN_OFF_TIME_VIOLATION,"May 15, 2026, 3:35 PM","May 16, 2026, 3:36 PM",CLOSED,NA,NA
pinnacle-Slc,"3,112,961","384,730",1fe9865d1d61461962b7c16d1bce85d3,EMPLOYEE_SIGN_OFF_TIME_VIOLATION,"May 15, 2026, 3:49 PM","May 16, 2026, 3:54 PM",CLOSED,NA,NA
pinnacle-Slc,"3,304,681",0,1d1a8179-5238-4861-ba66-a0cd45511b88,DEVICE_NOT_REACHABLE,"June 25, 2026, 5:54 PM","June 26, 2026, 6:00 PM",CLOSED,NA,MOBILE
pinnacle-Slc,"3,362,518",0,34820931-cc94-4d88-98b5-0ac27b86c35c,DEVICE_NOT_REACHABLE,"July 8, 2026, 9:21 AM","July 9, 2026, 9:27 AM",CLOSED,NA,MOBILE
pinnacle-Slc,"3,427,148","173,040",29f4b51753d6b8f87555073de32ebd4f,EMPLOYEE_GEOFENCE_VIOLATION,"July 21, 2026, 5:05 PM","July 21, 2026, 5:07 PM",CLOSED,False,NA
catalyst-Sac,"1,518,315","617,100",18b399f4482bb6ce52eefb0af6627ef2,EMPLOYEE_GEOFENCE_VIOLATION,"July 1, 2026, 9:04 PM","July 2, 2026, 9:09 PM",CLOSED,NA,NA
catalyst-Sac,"1,531,774","760,550",b67cab2d16053de6302dea87312708ad,EMPLOYEE_GEOFENCE_VIOLATION,"July 10, 2026, 9:10 PM","July 11, 2026, 9:18 PM",CLOSED,NA,NA
catalyst-Sac,"1,531,774","593,765",435807ff46b3f3879adc5cac21a89e13,EMPLOYEE_GEOFENCE_VIOLATION,"July 10, 2026, 9:52 PM","July 11, 2026, 9:54 PM",CLOSED,NA,NA
vanta-Sea,"4,895,471",0,2ed3ab4c-02fe-4847-8f33-55ea55047aa0,VEHICLE_STOPPAGE,"May 29, 2026, 10:33 AM","May 29, 2026, 10:34 AM",CLOSED,Sev-3,NA
vanta-Sea,"4,912,814",0,a38247ba-8c23-4fe1-a295-afda1da1b95f,VEHICLE_STOPPAGE,"June 4, 2026, 9:27 AM","June 4, 2026, 9:29 AM",CLOSED,Sev-3,NA
vanta-Sea,"5,056,103",0,071dbb74-8de5-4e2f-a4b8-cafc957022aa,VEHICLE_STOPPAGE,"July 17, 2026, 9:46 AM","July 17, 2026, 9:57 AM",CLOSED,Sev-3,NA
vanta-Sea,"5,056,103",0,36a456cf-9fbb-4d2e-902c-3cb3dd0a7c2a,VEHICLE_STOPPAGE,"July 17, 2026, 10:00 AM","July 17, 2026, 10:09 AM",CLOSED,Sev-3,NA
vanta-Sea,"5,067,312","498,930",dc24ea0c30e1abdc41946f01cb78068a,WOMAN_TRAVELLING_ALONE,"July 21, 2026, 6:25 PM","July 21, 2026, 6:43 PM",CLOSED,False,NA
vanta-Sea,"5,067,312","397,210",44000a9e965031ef107e52e847f7de0e,WOMAN_TRAVELLING_ALONE,"July 21, 2026, 6:25 PM","July 21, 2026, 6:39 PM",CLOSED,False,NA
vanta-Sea,"5,069,200",0,b3720c4b-a557-45c8-81a6-3e16a76cefb3,VEHICLE_STOPPAGE,"July 22, 2026, 8:51 AM","July 22, 2026, 8:56 AM",CLOSED,Sev-3,NA
vanta-Sea,"5,085,324",0,42874591-4b09-40a0-9410-19837ea16d59,VEHICLE_STOPPAGE,"July 27, 2026, 9:30 AM","July 27, 2026, 9:40 AM",CLOSED,Sev-3,NA
pinnacle-Slc,"3,062,755",0,f2e8535e-e7d1-4647-bf33-62b27e6d29ff,DEVICE_NOT_REACHABLE,"May 5, 2026, 1:03 PM","May 6, 2026, 1:09 PM",CLOSED,NA,MOBILE
pinnacle-Slc,"3,070,801","464,925",7ead741f7ea0c5efe6a7a4374a88313a,EMPLOYEE_SIGN_OFF_TIME_VIOLATION,"May 6, 2026, 3:21 PM","May 7, 2026, 3:27 PM",CLOSED,NA,NA
pinnacle-Slc,"3,075,406","289,525",21a211d14b47cb4dabffde774d5e3c73,EMPLOYEE_SIGN_OFF_TIME_VIOLATION,"May 7, 2026, 3:21 PM","May 8, 2026, 3:27 PM",CLOSED,NA,NA
vanta-Aus,"1,129,185",0,d95efc4d-3faf-4c6d-bdbc-750e85672c61,VEHICLE_STOPPAGE,"May 20, 2026, 5:27 AM","May 20, 2026, 5:31 AM",CLOSED,Sev-3,NA
vanta-Aus,"1,180,290",0,86eb2056-1836-4167-ae2c-b192136cb55c,VEHICLE_STOPPAGE,"June 18, 2026, 10:10 AM","June 18, 2026, 10:11 AM",CLOSED,Sev-3,NA
catalyst-Sac,"1,470,875",0,36b24f4c-181a-4482-a98a-3a477cd5a9f3,VEHICLE_STOPPAGE,"May 27, 2026, 1:58 AM","May 27, 2026, 1:59 AM",CLOSED,False,NA
vanta-Aus,"1,216,847",0,b2fe7c25-a878-40a2-ac87-c75ee414bc87,VEHICLE_STOPPAGE,"July 8, 2026, 9:55 AM","July 8, 2026, 9:56 AM",CLOSED,Sev-3,NA
orbit-Slc,"1,336,342",370,9e736edae8ca50b4c168820e07782eba,EMPLOYEE_GEOFENCE_VIOLATION,"July 15, 2026, 11:32 PM","July 15, 2026, 11:33 PM",CLOSED,Sev-3,NA
vanta-Sea,"4,863,823",0,a44fdc0e377bde2c046dab61d174e9b1,PANIC_FIXED_DEVICE,"May 19, 2026, 3:29 PM","May 19, 2026, 4:24 PM",CLOSED,False,EXTERNAL_DEVICE
vanta-Sea,"4,895,681",0,e95fdffe-a1a4-4673-9058-81e5c4789647,VEHICLE_STOPPAGE,"May 29, 2026, 10:59 AM","May 29, 2026, 11:02 AM",CLOSED,Sev-3,NA
vanta-Sea,"4,972,418","98,930",2cf235c5afebfc979308ce634a208b9f,WOMAN_TRAVELLING_ALONE,"June 22, 2026, 6:22 PM","June 22, 2026, 8:28 PM",CLOSED,Sev-3,NA
vanta-Sea,"5,071,752",0,f48394dc-020c-4eb7-b5b2-e697db754bb4,DEVICE_NOT_REACHABLE,"July 22, 2026, 8:47 PM","July 22, 2026, 8:49 PM",CLOSED,Sev-3,MOBILE
vanta-Sea,"5,071,752",0,8c8b99fa-e1e0-4e77-9d88-378f3ed94899,DEVICE_NOT_REACHABLE,"July 22, 2026, 8:50 PM","July 22, 2026, 8:50 PM",CLOSED,Sev-3,MOBILE
vanta-Sea,"5,071,752",0,6b3ba7cf-0b6c-40a2-b8c6-e4d3ab5ab8ed,DEVICE_NOT_REACHABLE,"July 22, 2026, 8:53 PM","July 22, 2026, 8:56 PM",CLOSED,Sev-3,MOBILE
pinnacle-Slc,"3,080,514","441,860",267234ad2287ed174ba0cbc39729d97f,EMPLOYEE_SIGN_OFF_TIME_VIOLATION,"May 8, 2026, 4:56 AM","May 9, 2026, 5:00 AM",CLOSED,NA,NA
pinnacle-Slc,"3,105,356","400,570",ee0e5880175b73881f7124bbdc3115ac,EMPLOYEE_SIGN_OFF_TIME_VIOLATION,"May 14, 2026, 3:14 PM","May 15, 2026, 3:18 PM",CLOSED,NA,NA
pinnacle-Slc,"3,106,566",0,02a588af-9d46-4153-b878-1bd01cea7932,OVER_SPEEDING,"May 14, 2026, 3:40 PM","May 14, 2026, 3:43 PM",CLOSED,Sev-3,NA
pinnacle-Slc,"3,159,690","235,240",49fc69400ae8f50f80296bc52c43538d,EMPLOYEE_GEOFENCE_VIOLATION,"May 27, 2026, 8:48 AM","May 27, 2026, 8:48 AM",CLOSED,False,NA
pinnacle-Slc,"3,159,690",680,f7de809b8615dbac078e0f627b6bcabe,EMPLOYEE_GEOFENCE_VIOLATION,"May 27, 2026, 8:48 AM","May 27, 2026, 8:48 AM",CLOSED,False,NA
vanta-Aus,"1,201,784",0,f89b71fe-4d22-45c6-8f16-43f637b88eee,VEHICLE_STOPPAGE,"June 30, 2026, 8:45 AM","June 30, 2026, 8:46 AM",CLOSED,Sev-3,NA
catalyst-Sac,"1,509,053",0,5241ecf87959239645b545e584c8c3da,PANIC_FIXED_DEVICE,"June 24, 2026, 10:42 PM","June 24, 2026, 10:43 PM",CLOSED,Sev-2,EXTERNAL_DEVICE
catalyst-Sac,"1,509,053","515,655",b56ea3059b6adb80819288a5e19727d7,EMPLOYEE_GEOFENCE_VIOLATION,"June 24, 2026, 10:45 PM","June 25, 2026, 10:45 PM",CLOSED,NA,NA
catalyst-Sac,"1,542,978","418,140",486902d845b4e42b571f869b959ef903,EMPLOYEE_GEOFENCE_VIOLATION,"July 20, 2026, 9:06 PM","July 21, 2026, 9:09 PM",CLOSED,NA,NA
catalyst-Sac,"1,553,419",0,8e112011-eade-4a34-8759-a8688133938a,VEHICLE_STOPPAGE,"July 28, 2026, 4:17 AM","July 28, 2026, 4:18 AM",CLOSED,False,NA
vanta-Sea,"4,902,684","423,645",b37dfb5fa600f7a5a277835c2a444208,WOMAN_TRAVELLING_ALONE,"June 1, 2026, 6:23 PM","June 1, 2026, 6:25 PM",CLOSED,False,NA
vanta-Sea,"4,902,684","472,375",a307880ffdee5049cf84c7683e0450a6,WOMAN_TRAVELLING_ALONE,"June 1, 2026, 6:23 PM","June 1, 2026, 6:24 PM",CLOSED,False,NA
vanta-Sea,"4,902,684","63,710",3fbd146ba4c105505e4f58bfc4ddebfc,WOMAN_TRAVELLING_ALONE,"June 1, 2026, 6:23 PM","June 1, 2026, 6:24 PM",CLOSED,False,NA
vanta-Sea,"4,902,684","63,710",db4cc302641b108494ef4566acc0aa07,WOMAN_TRAVELLING_ALONE,"June 1, 2026, 7:12 PM","June 1, 2026, 7:59 PM",CLOSED,Sev-3,NA
vanta-Sea,"4,902,684","472,375",9c2289d5ff68f400fc8a190ea6848dd8,WOMAN_TRAVELLING_ALONE,"June 1, 2026, 7:12 PM","June 1, 2026, 7:59 PM",CLOSED,Sev-3,NA
vanta-Sea,"4,983,158","252,130",30973aa59edee07fcfcf8184d11e6ed6,WOMAN_TRAVELLING_ALONE,"June 25, 2026, 7:12 AM","June 25, 2026, 7:16 AM",CLOSED,False,NA
pinnacle-Slc,"3,175,655","152,955",aea72df397f61d6a82cc69481b7bd9a8,EMPLOYEE_GEOFENCE_VIOLATION,"June 1, 2026, 9:27 AM","June 1, 2026, 9:28 AM",CLOSED,False,NA
pinnacle-Slc,"3,175,655","516,070",b1fbd1eb50c21d5da483df204c82bdfe,EMPLOYEE_GEOFENCE_VIOLATION,"June 1, 2026, 9:27 AM","June 1, 2026, 9:29 AM",CLOSED,False,NA
pinnacle-Slc,"3,175,655","40,930",2f70b894901453438b73b5d64a580549,EMPLOYEE_GEOFENCE_VIOLATION,"June 1, 2026, 9:27 AM","June 1, 2026, 9:28 AM",CLOSED,False,NA
vanta-Aus,"1,238,950",0,ed21453a-a6c5-4f77-8be4-26f628877bf1,DEVICE_NOT_REACHABLE,"July 20, 2026, 7:36 PM","July 20, 2026, 7:37 PM",CLOSED,Sev-3,MOBILE
catalyst-Sac,"1,516,172","227,885",497600caae805e9ef7dd29c146459fc8,EMPLOYEE_GEOFENCE_VIOLATION,"June 30, 2026, 9:07 PM","July 1, 2026, 9:09 PM",CLOSED,NA,NA
vanta-Sea,"4,904,620",0,1b7efe55-69a2-44b0-8ef2-4440d7afccb0,VEHICLE_STOPPAGE,"June 2, 2026, 9:50 AM","June 2, 2026, 9:51 AM",CLOSED,Sev-3,NA
vanta-Sea,"4,913,854",0,3f38272d-ab74-439a-bddf-81864aeead11,VEHICLE_STOPPAGE,"June 4, 2026, 11:18 AM","June 4, 2026, 12:03 PM",CLOSED,Sev-3,NA
vanta-Sea,"4,946,676",0,5c60d65f-6703-4ee7-9c87-886fd783ba00,VEHICLE_STOPPAGE,"June 15, 2026, 2:11 PM","June 15, 2026, 2:22 PM",CLOSED,Sev-3,NA
vanta-Sea,"5,050,936","311,800",ebd7f3c91b58ff1e1b79966d6615fab1,WOMAN_TRAVELLING_ALONE,"July 16, 2026, 6:54 AM","July 16, 2026, 6:56 AM",CLOSED,Sev-3,NA
vanta-Sea,"5,050,936","19,880",527b74b36a5b877c6a01846d2428523d,WOMAN_TRAVELLING_ALONE,"July 16, 2026, 7:01 AM","July 16, 2026, 7:02 AM",CLOSED,False,NA
pinnacle-Slc,"3,355,718",0,d8d9983a-7623-4257-b65f-7069e65444af,VEHICLE_STOPPAGE,"July 7, 2026, 9:07 AM","July 7, 2026, 9:09 AM",CLOSED,False,NA
pinnacle-Slc,"3,398,505",0,b882c194-4f70-405d-9fcc-348fde48ea2d,DEVICE_NOT_REACHABLE,"July 15, 2026, 3:54 PM","July 16, 2026, 4:00 PM",CLOSED,NA,MOBILE
pinnacle-Slc,"3,455,106",0,dafa04f3-50ee-4476-bb69-a9e221f4994d,DEVICE_NOT_REACHABLE,"July 27, 2026, 4:13 PM","July 28, 2026, 4:18 PM",CLOSED,NA,MOBILE
pinnacle-Slc,"3,457,504",0,f8aa033f-59f8-42aa-9b0e-f9458219f6e2,OVER_SPEEDING,"July 28, 2026, 6:31 AM","July 28, 2026, 6:35 AM",CLOSED,Sev-3,NA
catalyst-Sac,"1,460,354","574,255",b9360881737091304c46ce39bfd96088,EMPLOYEE_GEOFENCE_VIOLATION,"May 18, 2026, 10:26 PM","May 19, 2026, 10:27 PM",CLOSED,NA,NA
vanta-Aus,"1,240,778",0,4eaeded7-e4f6-4f7a-9ce6-3fbe2ac5db89,DEVICE_NOT_REACHABLE,"July 21, 2026, 5:37 PM","July 21, 2026, 5:38 PM",CLOSED,Sev-3,MOBILE
vanta-Aus,"1,240,778",0,4dc5ab84-1655-45ba-a2cb-07beb50fb354,DEVICE_NOT_REACHABLE,"July 21, 2026, 5:41 PM","July 21, 2026, 5:41 PM",CLOSED,Sev-3,MOBILE
vanta-Aus,"1,240,778",0,965fdafe-d06f-441b-89a0-b134c2fe7b3f,DEVICE_NOT_REACHABLE,"July 21, 2026, 5:44 PM","July 21, 2026, 5:44 PM",CLOSED,Sev-3,MOBILE
vanta-Aus,"1,240,778",0,1315e67d-caf3-4c77-b275-194c0a01c522,DEVICE_NOT_REACHABLE,"July 21, 2026, 5:48 PM","July 21, 2026, 5:48 PM",CLOSED,Sev-3,MOBILE
catalyst-Sac,"1,525,248",0,5b5f2339c7711d7c1e4f987a037912dc,PANIC_FIXED_DEVICE,"July 7, 2026, 8:46 PM","July 7, 2026, 8:46 PM",CLOSED,Sev-2,EXTERNAL_DEVICE
catalyst-Sac,"1,525,248","746,990",ebe81a1c627ecb85dc08b6c94b821f2c,EMPLOYEE_GEOFENCE_VIOLATION,"July 7, 2026, 8:46 PM","July 8, 2026, 8:54 PM",CLOSED,NA,NA
vanta-Sea,"4,909,385",0,394186b9-20dc-4c09-abda-bc6c62f5c149,VEHICLE_STOPPAGE,"June 3, 2026, 10:40 AM","June 3, 2026, 10:49 AM",CLOSED,Sev-3,NA
vanta-Sea,"5,019,287","311,790",5fe78139b67a58193cac39103b6cef22,PANIC_MOBILE,"July 6, 2026, 8:55 PM","July 6, 2026, 8:56 PM",CLOSED,False,MOBILE
vanta-Sea,"5,091,721","182,070",6386a3243c9c1c7e690438c32e2e8773,WOMAN_TRAVELLING_ALONE,"July 28, 2026, 7:27 PM","July 28, 2026, 7:28 PM",CLOSED,Sev-3,NA
vanta-Sea,"5,091,721","431,695",f83a68e26a6d7fd05dd284468c2baf4d,WOMAN_TRAVELLING_ALONE,"July 28, 2026, 7:27 PM","July 28, 2026, 7:28 PM",CLOSED,Sev-3,NA
vanta-Sea,"5,091,721","182,070",b5b4582692323146ea71abce6ddf895e,WOMAN_TRAVELLING_ALONE,"July 28, 2026, 7:31 PM","July 28, 2026, 7:32 PM",CLOSED,Sev-3,NA
pinnacle-Slc,"3,064,122","621,180",c098de31c9e9cb7eb8a21ef2217a4c34,EMPLOYEE_SIGN_OFF_TIME_VIOLATION,"May 5, 2026, 4:56 AM","May 6, 2026, 5:00 AM",CLOSED,NA,NA
pinnacle-Slc,"3,076,211","17,885",ba7e2e36d6253973f39e8baa54f8bce0,EMPLOYEE_SIGN_OFF_TIME_VIOLATION,"May 7, 2026, 5:07 PM","May 8, 2026, 5:09 PM",CLOSED,NA,NA
pinnacle-Slc,"3,076,211","96,930",d7dec429dd0c91a4b455501cd2dbaedc,EMPLOYEE_SIGN_OFF_TIME_VIOLATION,"May 7, 2026, 5:21 PM","May 8, 2026, 5:27 PM",CLOSED,NA,NA
pinnacle-Slc,"3,108,510",0,33de202e-92ef-4127-8c75-355080e9bbdb,DEVICE_NOT_REACHABLE,"May 15, 2026, 8:43 AM","May 16, 2026, 8:45 AM",CLOSED,NA,MOBILE
pinnacle-Slc,"3,118,140",0,45c46e6c-b1dc-4bb7-bfdb-e3fe917b2e83,VEHICLE_STOPPAGE,"May 18, 2026, 3:20 PM","May 18, 2026, 3:28 PM",CLOSED,False,NA
pinnacle-Slc,"3,361,442","436,870",a6a708529cf64a4fe017931806c4a437,EMPLOYEE_GEOFENCE_VIOLATION,"July 7, 2026, 5:47 PM","July 7, 2026, 5:49 PM",CLOSED,False,NA
pinnacle-Slc,"3,479,680",0,8bb00b5f-9f0b-40a7-8d7c-3541407318f2,VEHICLE_STOPPAGE,"July 31, 2026, 8:11 AM","July 31, 2026, 8:24 AM",CLOSED,False,NA
vanta-Aus,"1,195,237","372,800",b9e334b610f6ff8f4022b45697eae17d,WOMAN_TRAVELLING_ALONE,"June 26, 2026, 7:02 AM","June 26, 2026, 7:03 AM",CLOSED,False,NA
vanta-Aus,"1,195,237","116,435",8771a1c481013382c2874542dc34b85e,WOMAN_TRAVELLING_ALONE,"June 26, 2026, 7:27 AM","June 26, 2026, 7:28 AM",CLOSED,False,NA
vanta-Sea,"4,817,788",0,e10c369f-3feb-47a3-a1c3-6fa14bedd400,VEHICLE_STOPPAGE,"May 4, 2026, 12:18 PM","May 4, 2026, 12:24 PM",CLOSED,Sev-3,NA
vanta-Sea,"4,817,788",0,47ebc88b-4c59-45df-b977-66e8255b2b27,DEVICE_NOT_REACHABLE,"May 4, 2026, 1:10 PM","May 4, 2026, 1:20 PM",CLOSED,False,MOBILE
pinnacle-Slc,"3,079,975","413,455",5f887bcb78270a42089825ec67dd6fb3,EMPLOYEE_SIGN_OFF_TIME_VIOLATION,"May 8, 2026, 2:56 AM","May 9, 2026, 3:00 AM",CLOSED,NA,NA
pinnacle-Slc,"3,111,600",0,70619553-322a-4828-acea-d47bb9a76ef7,OVER_SPEEDING,"May 15, 2026, 3:16 PM","May 15, 2026, 3:18 PM",CLOSED,False,NA
pinnacle-Slc,"3,164,155",0,1382c8cd-76c0-40fc-8d93-bdcc647e2f17,DEVICE_NOT_REACHABLE,"May 27, 2026, 9:49 PM","May 28, 2026, 9:54 PM",CLOSED,NA,MOBILE
pinnacle-Slc,"3,295,563",0,cd55f5b5-5a22-43e5-bbea-ffd8671c9091,OVER_SPEEDING,"June 24, 2026, 7:04 AM","June 24, 2026, 7:04 AM",CLOSED,Sev-3,NA
pinnacle-Slc,"3,358,107",0,0647371a-65ce-42c4-9db1-7a8621487ef3,DEVICE_NOT_REACHABLE,"July 7, 2026, 6:10 PM","July 8, 2026, 6:18 PM",CLOSED,NA,MOBILE
pinnacle-Slc,"3,401,143","102,730",fce4087f518429f7322219fc3bc888c8,EMPLOYEE_GEOFENCE_VIOLATION,"July 15, 2026, 3:11 PM","July 15, 2026, 3:11 PM",CLOSED,False,NA
pinnacle-Slc,"3,401,143","116,980",c8bcae6398265fa9fdc77cbc469f6783,EMPLOYEE_GEOFENCE_VIOLATION,"July 15, 2026, 3:13 PM","July 15, 2026, 3:14 PM",CLOSED,False,NA
pinnacle-Slc,"3,460,198",0,04d05bb8-d88d-4646-830b-59cb660260ba,DEVICE_NOT_REACHABLE,"July 28, 2026, 4:22 PM","July 29, 2026, 4:27 PM",CLOSED,NA,MOBILE
catalyst-Sac,"1,442,077",0,6fe193de-ac1c-4364-9660-8ae9850b631c,PANIC_DEVICE,"May 2, 2026, 6:24 AM","May 2, 2026, 6:25 AM",CLOSED,Sev-2,DEVICE
catalyst-Sac,"1,442,077",0,66d107004a1ddae73785def50bd6d803,PANIC_FIXED_DEVICE,"May 2, 2026, 6:25 AM","May 2, 2026, 6:25 AM",CLOSED,Sev-2,EXTERNAL_DEVICE
catalyst-Sac,"1,442,077","263,240",2842572322d1cf403eb6696aa0f98480,EMPLOYEE_GEOFENCE_VIOLATION,"May 2, 2026, 6:56 AM","May 3, 2026, 7:00 AM",CLOSED,NA,NA
vanta-Aus,"1,108,803",0,064a7f5c-c22d-467b-8282-13f8894e998d,VEHICLE_STOPPAGE,"May 8, 2026, 5:05 AM","May 8, 2026, 5:06 AM",CLOSED,Sev-3,NA
catalyst-Sac,"1,473,769","593,765",689b8ffc56dc3ebb2e10a93a44e24396,EMPLOYEE_GEOFENCE_VIOLATION,"May 28, 2026, 9:42 PM","May 29, 2026, 9:45 PM",CLOSED,NA,NA
vanta-Aus,"1,196,646","396,290",61382478e61f81ffc2e2e6e0461787ae,WOMAN_TRAVELLING_ALONE,"June 26, 2026, 6:30 PM","June 26, 2026, 6:31 PM",CLOSED,False,NA
vanta-Sea,"4,870,464",0,66cf326a-27aa-4af9-b2fe-2899aacc95ad,VEHICLE_STOPPAGE,"May 21, 2026, 8:25 AM","May 21, 2026, 8:27 AM",CLOSED,Sev-3,NA
vanta-Sea,"4,908,415",0,321f4135-f31f-4178-b7ea-8990e822bb33,VEHICLE_STOPPAGE,"June 3, 2026, 8:21 AM","June 3, 2026, 8:38 AM",CLOSED,Sev-3,NA
vanta-Sea,"4,918,962",0,38bbd0f7-a529-4f3d-9b58-28f87bfef23a,VEHICLE_STOPPAGE,"June 5, 2026, 6:24 PM","June 5, 2026, 6:29 PM",CLOSED,Sev-3,NA
vanta-Sea,"4,939,177",0,0cd7d09a-4e00-44fc-8ba0-b1870827b548,VEHICLE_STOPPAGE,"June 12, 2026, 11:29 AM","June 12, 2026, 11:33 AM",CLOSED,Sev-3,NA
vanta-Sea,"5,098,911",0,edca70f7-9a5c-4a33-a364-f5272ed1921a,VEHICLE_STOPPAGE,"July 30, 2026, 12:16 PM","July 30, 2026, 12:24 PM",CLOSED,Sev-3,NA
pinnacle-Slc,"3,091,709","86,050",5c2588ae52ba2325e11837325c298476,EMPLOYEE_SIGN_OFF_TIME_VIOLATION,"May 12, 2026, 9:14 AM","May 13, 2026, 9:18 AM",CLOSED,NA,NA
pinnacle-Slc,"3,090,865","103,905",a9d703811ea8ae3b99e08004e7d55551,EMPLOYEE_SIGN_OFF_TIME_VIOLATION,"May 12, 2026, 9:42 AM","May 13, 2026, 9:45 AM",CLOSED,NA,NA
pinnacle-Slc,"3,420,196","599,235",82b84c69c5b5103f3c988bffb80eeb81,EMPLOYEE_GEOFENCE_VIOLATION,"July 20, 2026, 4:02 PM","July 20, 2026, 4:05 PM",CLOSED,False,NA
catalyst-Sac,"1,468,950","249,705",d9fc1a8ab9f2753f63ff7d93ab97874e,EMPLOYEE_GEOFENCE_VIOLATION,"May 25, 2026, 11:05 PM","May 26, 2026, 11:09 PM",CLOSED,NA,NA
catalyst-Sac,"1,478,299",0,71fe47ae-cbdf-4b41-b6e9-e5c44bbd7ee1,PANIC_DEVICE,"June 2, 2026, 9:12 PM","June 2, 2026, 9:12 PM",CLOSED,Sev-2,DEVICE
catalyst-Sac,"1,478,299","699,310",efc096812858e4039213019d536dd9c5,EMPLOYEE_GEOFENCE_VIOLATION,"June 2, 2026, 9:17 PM","June 3, 2026, 9:18 PM",CLOSED,NA,NA
catalyst-Sac,"1,508,689","304,960",d34ebf1266fd5bfab3f8d536f61b3e43,EMPLOYEE_GEOFENCE_VIOLATION,"June 24, 2026, 8:58 PM","June 25, 2026, 9:00 PM",CLOSED,NA,NA
catalyst-Sac,"1,547,819","240,015",5ba081cfecd9bb48354d12effdea855f,EMPLOYEE_GEOFENCE_VIOLATION,"July 23, 2026, 3:15 AM","July 24, 2026, 3:18 AM",CLOSED,NA,NA
vanta-Sea,"4,880,528",0,8a8cbe0d-0191-401d-855c-9d13d390fcb9,VEHICLE_STOPPAGE,"May 25, 2026, 1:07 PM","May 25, 2026, 1:10 PM",CLOSED,Sev-3,NA
vanta-Sea,"4,961,748","315,490",6762f29e24e126cb0ae260b3090ad115,WOMAN_TRAVELLING_ALONE,"June 18, 2026, 6:26 PM","June 18, 2026, 6:33 PM",CLOSED,False,NA
vanta-Sea,"5,030,317","77,330",6fdcf0668ddcd2aaf65b462f6f603732,WOMAN_TRAVELLING_ALONE,"July 9, 2026, 7:07 PM","July 9, 2026, 8:44 PM",CLOSED,Sev-3,NA
pinnacle-Slc,"3,089,483","417,405",c75bad3a97b9b50d6546f4ad7097ad2b,EMPLOYEE_SIGN_OFF_TIME_VIOLATION,"May 11, 2026, 4:00 PM","May 12, 2026, 4:09 PM",CLOSED,NA,NA
pinnacle-Slc,"3,089,483","471,520",24f0fa95f072756ba6a3c64baa3a978a,EMPLOYEE_SIGN_OFF_TIME_VIOLATION,"May 11, 2026, 4:00 PM","May 12, 2026, 4:09 PM",CLOSED,NA,NA
pinnacle-Slc,"3,089,483","417,730",6affe92a51b524388e707d1f01341978,EMPLOYEE_SIGN_OFF_TIME_VIOLATION,"May 11, 2026, 4:07 PM","May 12, 2026, 4:09 PM",CLOSED,NA,NA
pinnacle-Slc,"3,162,794","553,690",e21e36d4cbc2ed1c409a7f0f0362c4da,EMPLOYEE_GEOFENCE_VIOLATION,"May 27, 2026, 4:22 PM","May 27, 2026, 4:23 PM",CLOSED,False,NA
pinnacle-Slc,"3,162,794","98,350",eb579987400a51c1071d7fd0ff0dedee,EMPLOYEE_GEOFENCE_VIOLATION,"May 27, 2026, 4:22 PM","May 27, 2026, 4:23 PM",CLOSED,False,NA
pinnacle-Slc,"3,474,429","163,835",331097e3ec9173fb411e968693485c8d,EMPLOYEE_GEOFENCE_VIOLATION,"July 30, 2026, 4:13 PM","July 30, 2026, 4:13 PM",CLOSED,False,NA
pinnacle-Slc,"3,474,429","242,835",148145d05c712c960a6538dfe99b00af,EMPLOYEE_GEOFENCE_VIOLATION,"July 30, 2026, 4:18 PM","July 30, 2026, 4:18 PM",CLOSED,False,NA
vanta-Aus,"1,097,076",0,43a48dc7-b668-4c65-8b5c-06d37d1f8876,DEVICE_NOT_REACHABLE,"May 1, 2026, 12:12 AM","May 1, 2026, 12:15 AM",CLOSED,False,MOBILE
vanta-Aus,"1,097,076",0,0b74da65-a825-4725-a0be-a705d26e2d57,DEVICE_NOT_REACHABLE,"May 1, 2026, 12:34 AM","May 1, 2026, 12:35 AM",CLOSED,False,MOBILE
vanta-Aus,"1,097,076",0,0755e6e3-f1b1-4d03-b87f-3669c359f4b4,DEVICE_NOT_REACHABLE,"May 1, 2026, 12:37 AM","May 1, 2026, 12:38 AM",CLOSED,False,MOBILE
vanta-Aus,"1,097,076",0,220dd7dd-6668-40ca-a0aa-c1a173f5ffbc,DEVICE_NOT_REACHABLE,"May 1, 2026, 12:40 AM","May 1, 2026, 12:41 AM",CLOSED,False,MOBILE
vanta-Aus,"1,097,076",0,6e450e9a-bc49-458b-9e54-d110e1acd162,DEVICE_NOT_REACHABLE,"May 1, 2026, 12:44 AM","May 1, 2026, 12:44 AM",CLOSED,False,MOBILE
vanta-Aus,"1,098,354","373,425",df8b6c3aa517058e15e451f17efb6f88,WOMAN_TRAVELLING_ALONE,"May 1, 2026, 6:15 PM","May 1, 2026, 6:18 PM",CLOSED,False,NA
vanta-Aus,"1,098,356","273,945",fcef67abbd749fe464ba85bb79bd2389,WOMAN_TRAVELLING_ALONE,"May 1, 2026, 6:19 PM","May 1, 2026, 6:21 PM",CLOSED,False,NA
vanta-Aus,"1,098,345","58,080",51b48c79e1832e934b329d3863b95d8a,WOMAN_TRAVELLING_ALONE,"May 1, 2026, 6:19 PM","May 1, 2026, 6:20 PM",CLOSED,False,NA
vanta-Aus,"1,098,345","322,505",ed53c6103761a632b58e1c26c546efd5,WOMAN_TRAVELLING_ALONE,"May 1, 2026, 6:19 PM","May 1, 2026, 6:21 PM",CLOSED,False,NA
vanta-Aus,"1,098,357","373,200",afd245d82a29ba158a9636f53188afc1,WOMAN_TRAVELLING_ALONE,"May 1, 2026, 6:21 PM","May 1, 2026, 6:22 PM",CLOSED,False,NA
vanta-Aus,"1,098,355","335,865",0038fd93b4b3e90f9a4a0848156d8b39,WOMAN_TRAVELLING_ALONE,"May 1, 2026, 6:22 PM","May 1, 2026, 6:23 PM",CLOSED,False,NA
vanta-Aus,"1,098,353","64,895",10414affae43e361896ab38352391106,WOMAN_TRAVELLING_ALONE,"May 1, 2026, 6:23 PM","May 1, 2026, 6:24 PM",CLOSED,False,NA
vanta-Aus,"1,098,345","58,080",b1e0da1c6e344f9a64fc41004e29e1b4,WOMAN_TRAVELLING_ALONE,"May 1, 2026, 6:32 PM","May 1, 2026, 6:34 PM",CLOSED,False,NA
vanta-Aus,"1,098,346","285,390",111ab35daa59affc0f98a7a768881165,WOMAN_TRAVELLING_ALONE,"May 1, 2026, 6:32 PM","May 1, 2026, 6:34 PM",CLOSED,False,NA
vanta-Aus,"1,098,470",0,dfeadac3-72bd-4df9-92ef-a4aa03087721,DEVICE_NOT_REACHABLE,"May 1, 2026, 10:05 PM","May 1, 2026, 10:20 PM",CLOSED,False,MOBILE
vanta-Aus,"1,098,470",0,8aeaf9f0-04f3-405a-8f27-44d7dbbc3e59,DEVICE_NOT_REACHABLE,"May 1, 2026, 10:21 PM","May 1, 2026, 10:22 PM",CLOSED,False,MOBILE
vanta-Aus,"1,098,470",0,3056464e-a4f6-4a9d-a7f4-0c9f7695376d,DEVICE_NOT_REACHABLE,"May 1, 2026, 10:25 PM","May 1, 2026, 10:26 PM",CLOSED,False,MOBILE
vanta-Aus,"1,098,630","207,815",c2400ab042c0600fff70a9ea3d743abd,WOMAN_TRAVELLING_ALONE,"May 1, 2026, 11:09 PM","May 1, 2026, 11:20 PM",CLOSED,False,NA
vanta-Aus,"1,099,246","168,855",cf72345e5b2b020276baa9b3d18c9ac5,WOMAN_TRAVELLING_ALONE,"May 2, 2026, 6:14 PM","May 2, 2026, 6:27 PM",CLOSED,False,NA
vanta-Aus,"1,099,242","134,165",472a8d9f1eafabd3e82d103781a9d729,WOMAN_TRAVELLING_ALONE,"May 2, 2026, 6:20 PM","May 2, 2026, 6:27 PM",CLOSED,False,NA
vanta-Aus,"1,099,250","195,110",e50437eccc0231fc6ade5788285e4397,WOMAN_TRAVELLING_ALONE,"May 2, 2026, 6:21 PM","May 2, 2026, 6:28 PM",CLOSED,False,NA
vanta-Aus,"1,099,247","88,445",3a5c113a12ce548b79d1d078349de744,WOMAN_TRAVELLING_ALONE,"May 2, 2026, 6:23 PM","May 2, 2026, 6:28 PM",CLOSED,False,NA
vanta-Aus,"1,099,973","88,445",501b4edb916142dd3b4b43bb610c44b6,WOMAN_TRAVELLING_ALONE,"May 3, 2026, 6:21 PM","May 3, 2026, 6:23 PM",CLOSED,False,NA
vanta-Aus,"1,099,975","350,345",7e0044d3d6dc153654740bff5aa75a46,WOMAN_TRAVELLING_ALONE,"May 3, 2026, 6:22 PM","May 3, 2026, 6:23 PM",CLOSED,False,NA
vanta-Aus,"1,099,969","134,165",a3e5d69b41d93fc096da2ecf00523011,WOMAN_TRAVELLING_ALONE,"May 3, 2026, 6:23 PM","May 3, 2026, 6:24 PM",CLOSED,False,NA
