trip_id,reason_code,minutes,recorded_at
T000013,WEATHER,15,1781923500000
T000023,GATE_HOLD,17,1783165620000
T000028,TRAFFIC,41,1788019860000
T000031,GATE_HOLD,31,1785715260000
T000033,WEATHER,27,1782863820000
T000040,TRAFFIC,14,1787042640000
T000041,GATE_HOLD,6,1781955360000
T000044,GATE_HOLD,28,1781773080000
T000054,WEATHER,34,1787616240000
T000056,TRAFFIC,28,1784105880000
T000057,TRAFFIC,43,1781892780000
T000058,TRAFFIC,14,1783871040000
T000063,DRIVER_LATE,45,1784679300000
T000065,TRAFFIC,17,1780832820000
T000084,WEATHER,20,1785253800000
T000093,VEHICLE_BREAKDOWN,37,1780934820000
T000098,WEATHER,32,1787529720000
T000106,GATE_HOLD,29,1785110340000
T000115,WEATHER,28,1783295880000
T000127,DRIVER_LATE,9,1781998740000
T000132,WEATHER,6,1787992560000
T000147,GATE_HOLD,7,1783352220000
T000149,DRIVER_LATE,11,1781955660000
T000157,WEATHER,42,1782583920000
T000180,WEATHER,43,1783188780000
T000187,DRIVER_LATE,34,1786752240000
T000194,DRIVER_LATE,43,1787357580000
T000197,DRIVER_LATE,24,1786982040000
T000217,VEHICLE_BREAKDOWN,34,1783699440000
T000227,TRAFFIC,22,1781308320000
T000233,GATE_HOLD,12,1785282120000
T000239,WEATHER,29,1786179540000
T000242,DRIVER_LATE,7,1781890620000
T000243,TRAFFIC,23,1781135580000
T000244,GATE_HOLD,25,1782647700000
T000252,GATE_HOLD,14,1785174240000
T000256,VEHICLE_BREAKDOWN,42,1782821520000
T000258,DRIVER_LATE,35,1781913900000
T000270,TRAFFIC,22,1784364720000
T000272,DRIVER_LATE,35,1788264300000
T000280,DRIVER_LATE,44,1782465240000
T000281,VEHICLE_BREAKDOWN,21,1786470660000
T000285,VEHICLE_BREAKDOWN,17,1784018820000
T000291,WEATHER,15,1787960700000
T000310,VEHICLE_BREAKDOWN,15,1788219900000
T000312,VEHICLE_BREAKDOWN,43,1784538780000
T000313,WEATHER,18,1783241280000
T000315,DRIVER_LATE,41,1781514660000
T000324,VEHICLE_BREAKDOWN,30,1785067200000
T000325,GATE_HOLD,31,1781611260000
T000327,DRIVER_LATE,20,1786729800000
T000345,GATE_HOLD,31,1788231660000
T000354,DRIVER_LATE,42,1782389520000
T000359,WEATHER,28,1783187880000
T000372,WEATHER,10,1785757200000
T000384,GATE_HOLD,19,1783597740000
T000394,VEHICLE_BREAKDOWN,17,1784515620000
T000395,GATE_HOLD,19,1786535340000
T000402,VEHICLE_BREAKDOWN,23,1786549980000
T000406,WEATHER,15,1788111900000
T000431,VEHICLE_BREAKDOWN,38,1783642080000
T000433,WEATHER,16,1784915160000
T000435,GATE_HOLD,13,1787442180000
T000438,DRIVER_LATE,39,1781114940000
T000451,DRIVER_LATE,12,1783784520000
T000465,VEHICLE_BREAKDOWN,32,1782637320000
T000472,TRAFFIC,25,1784073300000
T000491,DRIVER_LATE,11,1785120060000
T000526,GATE_HOLD,20,1781625000000
T000527,WEATHER,40,1781601000000
T000535,GATE_HOLD,19,1781081340000
T000549,GATE_HOLD,23,1786722780000
T000550,DRIVER_LATE,44,1783008840000
T000563,VEHICLE_BREAKDOWN,43,1784851980000
T000568,DRIVER_LATE,38,1788264480000
T000569,TRAFFIC,8,1784331480000
T000579,TRAFFIC,33,1783706580000
T000583,WEATHER,36,1783771560000
T000590,WEATHER,14,1784882640000
T000591,DRIVER_LATE,33,1780920180000
T000596,TRAFFIC,13,1787485380000
T000610,GATE_HOLD,11,1788435660000
T000612,WEATHER,13,1786610580000
T000613,VEHICLE_BREAKDOWN,45,1782908100000
T000623,TRAFFIC,18,1788338880000
T000637,WEATHER,42,1783447920000
T000663,TRAFFIC,43,1786205580000
T000674,WEATHER,8,1786808280000
T000682,DRIVER_LATE,14,1781826240000
T000694,WEATHER,7,1786491420000
T000696,GATE_HOLD,26,1784217360000
T000701,WEATHER,11,1786437660000
T000704,VEHICLE_BREAKDOWN,26,1781513760000
T000720,WEATHER,20,1785541800000
T000723,GATE_HOLD,35,1785369900000
T000747,DRIVER_LATE,28,1788177480000
T000765,TRAFFIC,41,1781107860000
T000781,TRAFFIC,39,1783440540000
T000792,VEHICLE_BREAKDOWN,39,1785575340000
T000796,VEHICLE_BREAKDOWN,43,1785543180000
T000799,WEATHER,13,1784245380000
T000808,TRAFFIC,40,1782403800000
T000810,WEATHER,29,1785081540000
T000812,TRAFFIC,6,1783931760000
T000815,WEATHER,22,1782690720000
T000817,VEHICLE_BREAKDOWN,22,1785714720000
T000836,DRIVER_LATE,6,1781825760000
T000840,TRAFFIC,12,1787672520000
T000841,DRIVER_LATE,19,1782604140000
T000844,TRAFFIC,41,1785726660000
T000846,TRAFFIC,23,1783857180000
T000847,WEATHER,38,1783415280000
T000861,TRAFFIC,20,1785887400000
T000862,DRIVER_LATE,9,1782257940000
T000864,GATE_HOLD,35,1785899100000
T000873,TRAFFIC,29,1785110340000
T000882,TRAFFIC,18,1785023280000
T000885,WEATHER,24,1781319240000
T000886,GATE_HOLD,26,1784044560000
T000889,WEATHER,28,1784105880000
T000892,WEATHER,12,1782517320000
T000898,WEATHER,45,1782231300000
T000919,VEHICLE_BREAKDOWN,10,1784796000000
T000921,TRAFFIC,45,1782184500000
T000929,WEATHER,9,1788363540000
T000935,WEATHER,28,1782647880000
T000940,VEHICLE_BREAKDOWN,18,1784044080000
T000943,WEATHER,33,1786377780000
T000946,GATE_HOLD,23,1784044380000
T000949,WEATHER,27,1781711820000
T000952,TRAFFIC,44,1783527240000
T000958,WEATHER,37,1786784820000
T000966,DRIVER_LATE,30,1785888000000
T000980,DRIVER_LATE,14,1785426240000
T000982,WEATHER,36,1786676760000
T000989,VEHICLE_BREAKDOWN,12,1783586520000
T000998,GATE_HOLD,15,1786783500000
T001017,DRIVER_LATE,12,1781221320000
T001026,DRIVER_LATE,19,1785167340000
T001035,DRIVER_LATE,12,1784364120000
T001040,GATE_HOLD,11,1782528060000
T001046,GATE_HOLD,23,1784130780000
T001055,GATE_HOLD,43,1783588380000
T001057,VEHICLE_BREAKDOWN,43,1788232380000
T001066,TRAFFIC,18,1784908080000
T001069,DRIVER_LATE,19,1786610940000
T001070,TRAFFIC,37,1784203620000
T001078,WEATHER,6,1787441760000
T001083,VEHICLE_BREAKDOWN,25,1781232900000
T001086,GATE_HOLD,20,1786611000000
T001094,GATE_HOLD,25,1781783700000
T001095,WEATHER,12,1787247720000
T001096,VEHICLE_BREAKDOWN,30,1786816800000
T001098,WEATHER,25,1785844500000
T001101,TRAFFIC,6,1782581760000
T001104,VEHICLE_BREAKDOWN,36,1787130360000
T001112,WEATHER,36,1782842760000
T001117,VEHICLE_BREAKDOWN,43,1781482380000
T001119,VEHICLE_BREAKDOWN,16,1788018360000
T001123,GATE_HOLD,29,1782777540000
T001126,WEATHER,39,1781885340000
T001130,GATE_HOLD,6,1783964160000
T001132,WEATHER,28,1781600280000
T001139,TRAFFIC,22,1785066720000
T001156,TRAFFIC,42,1782663120000
T001157,VEHICLE_BREAKDOWN,8,1787960280000
T001161,WEATHER,30,1787673600000
T001167,GATE_HOLD,45,1787357700000
T001175,WEATHER,33,1783900980000
T001184,TRAFFIC,37,1782756420000
T001186,TRAFFIC,15,1783439100000
T001187,WEATHER,25,1781664900000
T001194,TRAFFIC,28,1783166280000
T001206,GATE_HOLD,44,1788048840000
T001207,GATE_HOLD,35,1786017900000
T001216,WEATHER,41,1781320260000
T001232,VEHICLE_BREAKDOWN,25,1783727700000
T001244,DRIVER_LATE,21,1784850660000
T001250,WEATHER,14,1787820240000
T001252,VEHICLE_BREAKDOWN,10,1783251600000
T001259,WEATHER,8,1784043480000
T001284,GATE_HOLD,41,1784995860000
T001289,TRAFFIC,43,1786983180000
T001294,VEHICLE_BREAKDOWN,20,1783824600000
T001300,VEHICLE_BREAKDOWN,22,1782409920000
T001310,WEATHER,24,1783500840000
T001315,TRAFFIC,23,1786989180000
T001320,VEHICLE_BREAKDOWN,15,1781912700000
T001324,DRIVER_LATE,24,1781319240000
T001330,WEATHER,36,1785585960000
T001336,VEHICLE_BREAKDOWN,36,1781319960000
T001363,DRIVER_LATE,29,1785034740000
T001370,VEHICLE_BREAKDOWN,44,1788480840000
T001372,WEATHER,13,1781624580000
T001385,DRIVER_LATE,34,1782723840000
T001387,GATE_HOLD,28,1787453880000
T001403,WEATHER,42,1785975120000
T001404,GATE_HOLD,34,1783847040000
T001411,VEHICLE_BREAKDOWN,36,1783566360000
T001418,VEHICLE_BREAKDOWN,15,1787586300000
T001431,TRAFFIC,11,1786808460000
T001435,DRIVER_LATE,16,1785606360000
T001451,GATE_HOLD,20,1785952200000
T001453,TRAFFIC,45,1781540100000
T001457,WEATHER,11,1787366460000
T001463,WEATHER,33,1787076180000
T001464,DRIVER_LATE,19,1781740140000
T001467,TRAFFIC,28,1782518280000
T001477,VEHICLE_BREAKDOWN,20,1786967400000
T001478,WEATHER,6,1784590560000
T001493,VEHICLE_BREAKDOWN,15,1783532700000
T001509,DRIVER_LATE,34,1782032640000
T001511,WEATHER,40,1787443800000
T001516,GATE_HOLD,23,1782517980000
T001524,VEHICLE_BREAKDOWN,6,1787884560000
T001525,VEHICLE_BREAKDOWN,44,1783599240000
T001531,GATE_HOLD,20,1788177000000
T001541,DRIVER_LATE,45,1787184900000
T001544,DRIVER_LATE,8,1785166680000
T001555,DRIVER_LATE,43,1785154380000
T001563,WEATHER,15,1783295100000
T001567,TRAFFIC,7,1788536220000
T001574,VEHICLE_BREAKDOWN,9,1787452740000
T001582,TRAFFIC,26,1787043360000
T001589,VEHICLE_BREAKDOWN,34,1788005040000
T001599,DRIVER_LATE,12,1788219720000
T001610,WEATHER,42,1786731120000
T001613,TRAFFIC,17,1786124820000
T001614,DRIVER_LATE,41,1786212660000
T001636,GATE_HOLD,36,1782065160000
T001644,GATE_HOLD,14,1786751040000
T001650,TRAFFIC,38,1781885280000
T001651,GATE_HOLD,17,1783381620000
T001658,DRIVER_LATE,17,1784828820000
T001659,WEATHER,23,1786636380000
T001661,DRIVER_LATE,7,1787960220000
T001664,WEATHER,30,1786147200000
T001671,DRIVER_LATE,19,1785167340000
T001672,WEATHER,42,1786205520000
T001673,GATE_HOLD,26,1781884560000
T001682,TRAFFIC,9,1785109140000
T001696,DRIVER_LATE,9,1782614340000
T001698,TRAFFIC,37,1786007220000
T001701,WEATHER,42,1786795920000
T001703,WEATHER,23,1784303580000
T001707,WEATHER,10,1782862800000
T001711,TRAFFIC,16,1781426760000
T001715,VEHICLE_BREAKDOWN,36,1786104360000
T001718,WEATHER,21,1781524260000
T001719,WEATHER,36,1783166760000
T001723,DRIVER_LATE,39,1783296540000
T001727,GATE_HOLD,12,1781286120000
T001737,WEATHER,28,1781233080000
T001749,VEHICLE_BREAKDOWN,8,1785573480000
T001766,GATE_HOLD,32,1783699320000
T001770,DRIVER_LATE,39,1786118940000
T001772,GATE_HOLD,8,1784795880000
T001795,DRIVER_LATE,13,1787733780000
T001798,WEATHER,26,1781740560000
T001810,DRIVER_LATE,6,1783121760000
T001812,TRAFFIC,37,1785953220000
T001814,DRIVER_LATE,44,1787357640000
T001815,WEATHER,35,1786644300000
T001817,GATE_HOLD,39,1782576540000
T001822,TRAFFIC,10,1787326800000
T001842,TRAFFIC,16,1780821960000
T001848,TRAFFIC,40,1781971800000
T001853,WEATHER,24,1787673240000
T001856,VEHICLE_BREAKDOWN,31,1783220460000
T001869,VEHICLE_BREAKDOWN,8,1787240280000
T001887,WEATHER,6,1784979360000
T001890,WEATHER,17,1782582420000
T001895,TRAFFIC,44,1781453640000
T001905,DRIVER_LATE,30,1781697600000
T001907,WEATHER,35,1787648700000
T001909,TRAFFIC,44,1786623240000
T001922,TRAFFIC,6,1787153760000
T001929,VEHICLE_BREAKDOWN,37,1784506020000
T001936,VEHICLE_BREAKDOWN,31,1786417260000
T001939,WEATHER,11,1781318460000
T001940,VEHICLE_BREAKDOWN,7,1783640220000
T001949,GATE_HOLD,36,1782983160000
T001956,VEHICLE_BREAKDOWN,43,1782670380000
T001958,VEHICLE_BREAKDOWN,15,1784130300000
T001984,GATE_HOLD,41,1785168660000
T002004,WEATHER,44,1783016040000
T002005,TRAFFIC,38,1787854080000
T002007,VEHICLE_BREAKDOWN,19,1786031340000
T002019,TRAFFIC,20,1783900200000
T002031,VEHICLE_BREAKDOWN,42,1785834720000
T002044,WEATHER,26,1787846160000
T002050,DRIVER_LATE,45,1785240900000
T002054,GATE_HOLD,30,1788105600000
T002056,VEHICLE_BREAKDOWN,20,1787021400000
T002076,VEHICLE_BREAKDOWN,6,1780907760000
T002077,DRIVER_LATE,6,1786448160000
T002088,VEHICLE_BREAKDOWN,16,1786203960000
T002089,GATE_HOLD,35,1785672300000
T002101,TRAFFIC,22,1786697520000
T002112,GATE_HOLD,22,1787075520000
T002115,DRIVER_LATE,35,1787155500000
T002124,DRIVER_LATE,45,1788480900000
T002131,GATE_HOLD,28,1788436680000
T002137,TRAFFIC,25,1785434100000
T002139,GATE_HOLD,36,1785607560000
T002146,TRAFFIC,20,1780887000000
T002149,TRAFFIC,28,1780887480000
T002154,DRIVER_LATE,38,1786205280000
T002155,VEHICLE_BREAKDOWN,34,1786665840000
T002160,DRIVER_LATE,19,1784375340000
T002166,DRIVER_LATE,12,1781059320000
T002169,WEATHER,19,1781686140000
T002176,WEATHER,36,1781352360000
T002180,DRIVER_LATE,25,1783479300000
T002183,WEATHER,8,1787845080000
T002187,WEATHER,25,1786416900000
T002197,DRIVER_LATE,8,1784677080000
T002199,VEHICLE_BREAKDOWN,33,1783533780000
T002202,TRAFFIC,32,1785585720000
T002204,GATE_HOLD,25,1786157700000
T002225,DRIVER_LATE,22,1787788320000
T002228,DRIVER_LATE,18,1783187280000
T002230,GATE_HOLD,15,1787571900000
T002231,GATE_HOLD,10,1783770000000
T002232,WEATHER,11,1785346860000
T002247,VEHICLE_BREAKDOWN,22,1782316320000
T002248,VEHICLE_BREAKDOWN,11,1782322860000
T002252,WEATHER,9,1784018340000
T002257,WEATHER,40,1785489000000
T002266,WEATHER,38,1782464880000
T002269,GATE_HOLD,35,1786723500000
T002270,DRIVER_LATE,10,1782819600000
T002273,WEATHER,7,1787744220000
T002282,WEATHER,41,1783015860000
T002288,VEHICLE_BREAKDOWN,7,1787845020000
T002293,VEHICLE_BREAKDOWN,32,1786896120000
T002294,WEATHER,8,1784687880000
T002296,WEATHER,39,1786504140000
T002307,GATE_HOLD,8,1788219480000
T002314,GATE_HOLD,27,1785898620000
T002333,WEATHER,34,1783209840000
T002340,VEHICLE_BREAKDOWN,38,1782378480000
T002350,GATE_HOLD,23,1788371580000
T002351,WEATHER,45,1781082900000
T002352,DRIVER_LATE,18,1781797680000
T002356,WEATHER,13,1782949380000
T002360,TRAFFIC,28,1781222280000
T002362,GATE_HOLD,41,1782663060000
T002375,WEATHER,37,1782616020000
T002382,GATE_HOLD,41,1787595060000
T002403,WEATHER,36,1785369960000
T002407,VEHICLE_BREAKDOWN,36,1786320360000
T002420,GATE_HOLD,14,1785541440000
T002430,WEATHER,45,1786072500000
T002431,VEHICLE_BREAKDOWN,25,1783439700000
T002437,TRAFFIC,39,1782778140000
T002440,WEATHER,43,1781367180000
T002444,WEATHER,7,1788316620000
T002451,TRAFFIC,8,1787485080000
T002456,GATE_HOLD,35,1786665900000
T002470,TRAFFIC,8,1786016280000
T002473,GATE_HOLD,28,1787648280000
T002488,TRAFFIC,38,1788048480000
T002494,GATE_HOLD,31,1782723660000
T002496,WEATHER,9,1784309940000
T002502,VEHICLE_BREAKDOWN,15,1783511100000
T002511,TRAFFIC,35,1783339500000
T002515,DRIVER_LATE,11,1787560860000
T002517,VEHICLE_BREAKDOWN,7,1786502220000
T002519,TRAFFIC,15,1783241100000
T002523,VEHICLE_BREAKDOWN,38,1781280480000
T002526,GATE_HOLD,22,1784937120000
T002530,WEATHER,44,1784218440000
T002534,GATE_HOLD,22,1788198720000
T002559,VEHICLE_BREAKDOWN,13,1786923780000
T002561,DRIVER_LATE,7,1781134620000
T002565,VEHICLE_BREAKDOWN,11,1784389260000
T002573,TRAFFIC,27,1781567820000
T002583,VEHICLE_BREAKDOWN,12,1788457320000
T002590,VEHICLE_BREAKDOWN,9,1785605940000
T002598,DRIVER_LATE,19,1782355740000
T002620,GATE_HOLD,8,1782387480000
T002646,TRAFFIC,17,1788490020000
T002647,WEATHER,10,1785339600000
T002650,WEATHER,35,1788307500000
T002664,VEHICLE_BREAKDOWN,8,1787153880000
T002666,WEATHER,42,1785262320000
T002671,TRAFFIC,23,1780833180000
T002683,GATE_HOLD,40,1788459000000
T002687,WEATHER,34,1784822640000
T002694,DRIVER_LATE,19,1782031740000
T002695,DRIVER_LATE,38,1782864480000
T002716,DRIVER_LATE,44,1784344440000
T002722,DRIVER_LATE,32,1786795320000
T002723,VEHICLE_BREAKDOWN,33,1781665380000
T002728,WEATHER,16,1782733560000
T002731,VEHICLE_BREAKDOWN,34,1782173040000
T002736,WEATHER,27,1781665020000
T002745,GATE_HOLD,19,1782920940000
T002748,GATE_HOLD,8,1784245080000
T002751,TRAFFIC,18,1781059680000
T002760,TRAFFIC,38,1783253280000
T002764,DRIVER_LATE,20,1782377400000
T002767,WEATHER,34,1782605040000
T002769,WEATHER,21,1780847460000
T002771,WEATHER,20,1787097000000
T002777,GATE_HOLD,18,1783759680000
T002779,DRIVER_LATE,19,1784051340000
T002783,VEHICLE_BREAKDOWN,23,1785228780000
T002795,TRAFFIC,41,1781082660000
T002809,GATE_HOLD,39,1781719740000
T002811,TRAFFIC,24,1787108040000
T002814,VEHICLE_BREAKDOWN,28,1783738680000
T002816,DRIVER_LATE,6,1783100160000
T002825,DRIVER_LATE,22,1782057120000
T002850,TRAFFIC,23,1787615580000
T002865,DRIVER_LATE,32,1784635320000
T002870,WEATHER,7,1783413420000
T002873,GATE_HOLD,27,1783101420000
T002875,DRIVER_LATE,6,1788251760000
T002878,VEHICLE_BREAKDOWN,32,1787043720000
T002882,TRAFFIC,6,1784475360000
T002886,WEATHER,22,1780973520000
T002895,VEHICLE_BREAKDOWN,38,1785089280000
T002896,VEHICLE_BREAKDOWN,24,1786722840000
T002901,GATE_HOLD,35,1788167100000
T002906,DRIVER_LATE,14,1781113440000
T002927,DRIVER_LATE,25,1784192100000
T002929,VEHICLE_BREAKDOWN,12,1787413320000
T002930,WEATHER,44,1786810440000
T002932,GATE_HOLD,19,1785142140000
T002937,GATE_HOLD,14,1781365440000
T002941,WEATHER,31,1784419260000
T002958,VEHICLE_BREAKDOWN,8,1783294680000
T002960,DRIVER_LATE,9,1785411540000
T002968,TRAFFIC,8,1788316680000
T002973,VEHICLE_BREAKDOWN,43,1786795980000
T002990,VEHICLE_BREAKDOWN,33,1787680980000
T002993,WEATHER,44,1781021640000
T002996,VEHICLE_BREAKDOWN,26,1787097360000
T003013,TRAFFIC,11,1782488460000
T003023,GATE_HOLD,8,1784709480000
T003065,TRAFFIC,30,1786464000000
T003069,VEHICLE_BREAKDOWN,42,1781838720000
T003072,DRIVER_LATE,39,1788480540000
T003078,WEATHER,33,1782648180000
T003079,WEATHER,39,1780909740000
T003085,VEHICLE_BREAKDOWN,15,1781858700000
T003103,WEATHER,24,1781837640000
T003115,WEATHER,15,1787442300000
T003129,TRAFFIC,33,1787745780000
T003132,WEATHER,32,1784278920000
T003141,GATE_HOLD,18,1786643280000
T003142,GATE_HOLD,42,1782691920000
T003143,TRAFFIC,45,1786968900000
T003146,VEHICLE_BREAKDOWN,11,1786470060000
T003156,WEATHER,38,1788019680000
T003157,WEATHER,37,1781633220000
T003160,WEATHER,18,1781977680000
T003163,TRAFFIC,10,1782009600000
T003179,DRIVER_LATE,32,1785985320000
T003180,DRIVER_LATE,23,1781405580000
T003195,TRAFFIC,13,1785080580000
T003197,WEATHER,30,1781020800000
T003201,DRIVER_LATE,31,1784430060000
T003202,VEHICLE_BREAKDOWN,35,1785207900000
T003210,GATE_HOLD,14,1787413440000
T003221,TRAFFIC,21,1783705860000
T003226,VEHICLE_BREAKDOWN,35,1780941900000
T003233,WEATHER,35,1788285900000
T003234,WEATHER,8,1784389080000
T003249,DRIVER_LATE,19,1786895340000
T003256,VEHICLE_BREAKDOWN,37,1785726420000
T003261,VEHICLE_BREAKDOWN,24,1783698840000
T003269,TRAFFIC,43,1783653180000
T003275,VEHICLE_BREAKDOWN,27,1787443020000
T003279,DRIVER_LATE,20,1781859000000
T003286,WEATHER,41,1787886660000
T003290,VEHICLE_BREAKDOWN,26,1787154960000
T003300,VEHICLE_BREAKDOWN,30,1787162400000
T003304,GATE_HOLD,10,1787161200000
T003308,TRAFFIC,11,1781134860000
T003309,GATE_HOLD,31,1782230460000
T003312,DRIVER_LATE,37,1788545220000
T003318,TRAFFIC,27,1783007820000
T003335,VEHICLE_BREAKDOWN,24,1786118040000
T003338,GATE_HOLD,37,1788134820000
T003339,WEATHER,28,1782323880000
T003343,TRAFFIC,45,1786983300000
T003345,DRIVER_LATE,18,1785034080000
T003362,GATE_HOLD,14,1781491440000
T003363,GATE_HOLD,19,1782042540000
T003364,VEHICLE_BREAKDOWN,18,1785520080000
T003365,DRIVER_LATE,8,1787269080000
T003382,DRIVER_LATE,19,1783468140000
T003389,GATE_HOLD,18,1784548080000
T003395,WEATHER,15,1784277900000
T003398,WEATHER,8,1785314280000
T003399,WEATHER,23,1784710380000
T003402,WEATHER,29,1783241940000
T003408,WEATHER,34,1787421840000
T003413,TRAFFIC,22,1785772320000
T003425,VEHICLE_BREAKDOWN,6,1784648160000
T003442,VEHICLE_BREAKDOWN,39,1787076540000
T003443,TRAFFIC,14,1782690240000
T003455,TRAFFIC,14,1785206640000
T003456,GATE_HOLD,35,1787357100000
T003458,TRAFFIC,10,1781134800000
T003471,WEATHER,22,1782409920000
T003479,DRIVER_LATE,34,1781193840000
T003494,DRIVER_LATE,36,1782129960000
T003503,TRAFFIC,28,1787068680000
T003519,VEHICLE_BREAKDOWN,24,1784051640000
T003528,VEHICLE_BREAKDOWN,45,1781946900000
T003538,WEATHER,43,1785111180000
T003542,VEHICLE_BREAKDOWN,41,1787649060000
T003544,WEATHER,36,1783181160000
T003547,VEHICLE_BREAKDOWN,22,1786956720000
T003552,WEATHER,41,1782724260000
T003556,DRIVER_LATE,15,1781264700000
T003564,TRAFFIC,28,1788339480000
T003567,TRAFFIC,24,1784969640000
T003573,WEATHER,26,1781654160000
T003579,VEHICLE_BREAKDOWN,21,1786117860000
T003594,GATE_HOLD,40,1781406600000
T003600,DRIVER_LATE,20,1782863400000
T003659,TRAFFIC,13,1781278980000
T003686,DRIVER_LATE,31,1782259260000
T003689,WEATHER,22,1783014720000
T003697,TRAFFIC,23,1783612380000
T003700,VEHICLE_BREAKDOWN,33,1785261780000
T003707,GATE_HOLD,33,1786881780000
T003711,GATE_HOLD,19,1788392940000
T003724,GATE_HOLD,13,1787798580000
T003726,VEHICLE_BREAKDOWN,42,1783296720000
T003742,WEATHER,35,1787335500000
T003746,GATE_HOLD,14,1782387840000
T003749,VEHICLE_BREAKDOWN,28,1786438680000
T003751,DRIVER_LATE,39,1786277340000
T003758,DRIVER_LATE,29,1782215940000
T003765,DRIVER_LATE,35,1781406300000
T003776,VEHICLE_BREAKDOWN,42,1784117520000
T003783,DRIVER_LATE,26,1786848960000
T003788,GATE_HOLD,20,1781146200000
T003791,GATE_HOLD,22,1786362720000
T003801,WEATHER,17,1783586820000
T003803,WEATHER,19,1786362540000
T003808,TRAFFIC,17,1788263220000
T003820,GATE_HOLD,18,1786502880000
T003825,VEHICLE_BREAKDOWN,10,1786070400000
T003826,WEATHER,27,1782748620000
T003835,TRAFFIC,28,1783069080000
T003836,WEATHER,17,1783093620000
T003851,VEHICLE_BREAKDOWN,45,1781666100000
T003854,VEHICLE_BREAKDOWN,33,1788134580000
T003859,GATE_HOLD,13,1787874180000
T003860,GATE_HOLD,12,1786290120000
T003864,GATE_HOLD,30,1783036800000
T003865,TRAFFIC,7,1783121820000
T003873,TRAFFIC,15,1781167500000
T003876,WEATHER,27,1787270220000
T003886,VEHICLE_BREAKDOWN,13,1782182580000
T003888,VEHICLE_BREAKDOWN,14,1783813440000
T003906,TRAFFIC,32,1784419320000
T003918,DRIVER_LATE,16,1785433560000
T003924,VEHICLE_BREAKDOWN,26,1781452560000
T003926,DRIVER_LATE,40,1788192600000
T003932,DRIVER_LATE,25,1781168100000
T003938,TRAFFIC,12,1785346920000
T003959,DRIVER_LATE,33,1787335380000
T003961,TRAFFIC,14,1784331840000
T003966,WEATHER,10,1785426000000
T003979,TRAFFIC,24,1784602440000
T003983,GATE_HOLD,37,1782983220000
T003985,DRIVER_LATE,17,1782316020000
T003988,TRAFFIC,14,1781253840000
T003989,GATE_HOLD,14,1786383840000
T004011,WEATHER,19,1784947740000
T004018,TRAFFIC,44,1784052840000
T004024,WEATHER,42,1784304720000
T004026,WEATHER,9,1783121940000
T004034,WEATHER,35,1786590300000
T004050,DRIVER_LATE,10,1788489600000
T004054,VEHICLE_BREAKDOWN,15,1783871100000
T004058,WEATHER,39,1782616140000
T004059,TRAFFIC,27,1782431820000
T004064,WEATHER,36,1787501160000
T004068,GATE_HOLD,22,1782172320000
T004070,VEHICLE_BREAKDOWN,32,1787918520000
T004080,TRAFFIC,6,1783179360000
T004092,WEATHER,38,1787216880000
T004095,GATE_HOLD,8,1783078680000
T004114,VEHICLE_BREAKDOWN,19,1781783340000
T004119,VEHICLE_BREAKDOWN,19,1787226540000
T004123,TRAFFIC,7,1784482620000
T004132,TRAFFIC,45,1785975300000
T004133,WEATHER,41,1782529860000
T004134,DRIVER_LATE,36,1782230760000
T004151,VEHICLE_BREAKDOWN,7,1785519420000
T004167,DRIVER_LATE,16,1787586360000
T004168,GATE_HOLD,33,1785024180000
T004171,VEHICLE_BREAKDOWN,21,1782129060000
T004173,TRAFFIC,32,1786017720000
T004184,DRIVER_LATE,19,1785412140000
T004207,TRAFFIC,30,1787875200000
T004215,GATE_HOLD,10,1782862800000
T004223,WEATHER,20,1783439400000
T004235,GATE_HOLD,9,1783305540000
T004236,VEHICLE_BREAKDOWN,39,1787011740000
T004245,DRIVER_LATE,27,1784246220000
T004247,DRIVER_LATE,19,1785887340000
T004267,GATE_HOLD,32,1781406120000
T004269,TRAFFIC,21,1785066660000
T004283,DRIVER_LATE,17,1781977620000
T004295,GATE_HOLD,8,1784821080000
T004307,GATE_HOLD,19,1785685740000
T004311,DRIVER_LATE,26,1783706160000
T004313,TRAFFIC,30,1787140800000
T004330,GATE_HOLD,40,1784949000000
T004344,GATE_HOLD,36,1785585960000
T004351,TRAFFIC,42,1786018320000
T004353,GATE_HOLD,9,1787020740000
T004359,GATE_HOLD,36,1786118760000
T004373,TRAFFIC,42,1782000720000
T004383,TRAFFIC,12,1781750520000
T004390,WEATHER,19,1784735340000
T004393,DRIVER_LATE,24,1788090840000
T004399,DRIVER_LATE,11,1786869660000
T004402,TRAFFIC,11,1783705260000
T004404,VEHICLE_BREAKDOWN,42,1785341520000
T004405,VEHICLE_BREAKDOWN,42,1781712720000
T004407,WEATHER,17,1784137620000
T004416,TRAFFIC,20,1784721000000
T004429,DRIVER_LATE,45,1781655300000
T004434,WEATHER,34,1781946240000
T004439,TRAFFIC,35,1781946300000
T004445,TRAFFIC,29,1781168340000
T004446,DRIVER_LATE,31,1781168460000
T004447,GATE_HOLD,35,1785024300000
T004461,WEATHER,43,1785467580000
T004464,TRAFFIC,26,1786989360000
T004466,VEHICLE_BREAKDOWN,27,1788339420000
T004468,WEATHER,33,1782788580000
T004486,GATE_HOLD,31,1784030460000
T004487,VEHICLE_BREAKDOWN,7,1782560220000
T004489,TRAFFIC,33,1784678580000
T004506,TRAFFIC,15,1782344700000
T004514,WEATHER,27,1781956620000
T004519,WEATHER,34,1788005040000
T004542,DRIVER_LATE,16,1782603960000
T004545,GATE_HOLD,12,1786362120000
T004552,DRIVER_LATE,29,1785513540000
T004554,GATE_HOLD,25,1784429700000
T004555,TRAFFIC,33,1787140980000
T004566,VEHICLE_BREAKDOWN,7,1784687820000
T004568,VEHICLE_BREAKDOWN,6,1780799760000
T004583,GATE_HOLD,18,1786578480000
T004593,VEHICLE_BREAKDOWN,17,1787766420000
T004597,VEHICLE_BREAKDOWN,16,1783100760000
T004620,GATE_HOLD,25,1781740500000
T004629,TRAFFIC,17,1781696820000
T004647,WEATHER,30,1780963200000
T004648,GATE_HOLD,35,1786644300000
T004659,DRIVER_LATE,39,1788221340000
T004660,TRAFFIC,18,1784159280000
T004664,GATE_HOLD,43,1783123980000
T004670,VEHICLE_BREAKDOWN,29,1783295940000
T004686,VEHICLE_BREAKDOWN,18,1782604080000
T004698,VEHICLE_BREAKDOWN,30,1782144000000
T004712,TRAFFIC,42,1785035520000
T004736,WEATHER,36,1787195160000
T004737,WEATHER,25,1784505300000
T004739,TRAFFIC,40,1787940600000
T004751,TRAFFIC,26,1783068960000
T004754,WEATHER,19,1787528940000
T004762,WEATHER,34,1784045040000
T004792,GATE_HOLD,6,1781858160000
T004794,TRAFFIC,12,1785692520000
T004807,WEATHER,45,1787789700000
T004809,WEATHER,18,1782377280000
T004814,WEATHER,27,1782403020000
T004815,TRAFFIC,9,1782635940000
T004818,GATE_HOLD,13,1788046980000
T004820,WEATHER,27,1783479420000
T004831,GATE_HOLD,30,1782205200000
T004844,DRIVER_LATE,26,1787140560000
T004863,VEHICLE_BREAKDOWN,26,1786611360000
T004864,DRIVER_LATE,45,1783070100000
T004868,TRAFFIC,12,1786981320000
T004876,GATE_HOLD,43,1784463180000
T004881,TRAFFIC,27,1784721420000
T004882,TRAFFIC,6,1783672560000
T004891,GATE_HOLD,34,1787846640000
T004894,DRIVER_LATE,6,1783240560000
T004930,GATE_HOLD,13,1781538180000
T004937,GATE_HOLD,37,1786406820000
T004940,VEHICLE_BREAKDOWN,41,1786320660000
T004950,DRIVER_LATE,8,1785627480000
T004971,TRAFFIC,17,1781106420000
T004977,GATE_HOLD,25,1786276500000
T004984,DRIVER_LATE,37,1784344020000
T004986,GATE_HOLD,22,1784483520000
T004995,TRAFFIC,10,1784536800000
T005000,DRIVER_LATE,40,1782616200000
T005002,TRAFFIC,30,1784217600000
T005016,TRAFFIC,40,1781406600000
T005032,GATE_HOLD,40,1788480600000
T005033,GATE_HOLD,20,1783219800000
T005038,GATE_HOLD,8,1786696680000
T005042,WEATHER,17,1782874020000
T005053,TRAFFIC,31,1787475660000
T005068,GATE_HOLD,15,1787787900000
T005072,DRIVER_LATE,23,1784073180000
T005076,DRIVER_LATE,38,1781107680000
T005087,GATE_HOLD,7,1782689820000
T005089,VEHICLE_BREAKDOWN,16,1788349560000
T005108,WEATHER,34,1783181040000
T005122,TRAFFIC,45,1781892900000
T005130,VEHICLE_BREAKDOWN,26,1785574560000
T005139,WEATHER,18,1781200080000
T005148,DRIVER_LATE,6,1782646560000
T005162,GATE_HOLD,8,1787240280000
T005166,WEATHER,32,1786406520000
T005170,GATE_HOLD,20,1784505000000
T005181,TRAFFIC,17,1780973220000
T005195,TRAFFIC,21,1787507460000
T005196,DRIVER_LATE,38,1787627280000
T005198,VEHICLE_BREAKDOWN,11,1786146060000
T005200,WEATHER,42,1784895120000
T005201,VEHICLE_BREAKDOWN,44,1786212840000
T005205,DRIVER_LATE,29,1785945540000
T005217,TRAFFIC,35,1783501500000
T005219,GATE_HOLD,29,1788512340000
T005223,GATE_HOLD,34,1787043840000
T005225,WEATHER,44,1784625240000
T005226,VEHICLE_BREAKDOWN,24,1784105640000
T005227,GATE_HOLD,16,1782182760000
T005239,DRIVER_LATE,10,1782927600000
T005259,GATE_HOLD,10,1783338000000
T005262,VEHICLE_BREAKDOWN,41,1781687460000
T005269,TRAFFIC,22,1782960720000
T005294,VEHICLE_BREAKDOWN,43,1781892780000
T005317,TRAFFIC,9,1780907940000
T005334,GATE_HOLD,21,1781686260000
T005338,GATE_HOLD,35,1784635500000
T005343,TRAFFIC,44,1787649240000
T005344,GATE_HOLD,28,1787043480000
T005346,VEHICLE_BREAKDOWN,45,1786785300000
T005349,GATE_HOLD,40,1781525400000
T005362,TRAFFIC,8,1785346680000
T005365,WEATHER,20,1788177000000
T005373,WEATHER,12,1786642920000
T005377,GATE_HOLD,8,1781797080000
T005381,WEATHER,6,1782786960000
T005384,DRIVER_LATE,24,1784483640000
T005386,VEHICLE_BREAKDOWN,13,1785066180000
T005393,WEATHER,22,1783381920000
T005395,WEATHER,29,1783814340000
T005398,VEHICLE_BREAKDOWN,12,1782960120000
T005400,WEATHER,36,1781568360000
T005401,DRIVER_LATE,44,1782346440000
T005412,DRIVER_LATE,26,1784735760000
T005413,VEHICLE_BREAKDOWN,33,1781946180000
T005417,TRAFFIC,17,1782143220000
T005422,WEATHER,17,1781567220000
T005438,WEATHER,43,1783944780000
T005441,TRAFFIC,39,1785499740000
T005447,DRIVER_LATE,20,1786449000000
T005453,VEHICLE_BREAKDOWN,30,1781179200000
T005456,DRIVER_LATE,33,1786190580000
T005462,GATE_HOLD,14,1785455040000
T005470,VEHICLE_BREAKDOWN,23,1781797980000
T005476,WEATHER,7,1783597020000
T005491,GATE_HOLD,7,1784417820000
T005497,GATE_HOLD,24,1783698840000
T005506,TRAFFIC,39,1786450140000
T005509,GATE_HOLD,43,1782184380000
T005514,DRIVER_LATE,24,1788317640000
T005520,WEATHER,27,1787475420000
T005531,GATE_HOLD,40,1787141400000
T005532,WEATHER,12,1786635720000
T005544,VEHICLE_BREAKDOWN,19,1787042940000
T005553,DRIVER_LATE,12,1784936520000
T005589,GATE_HOLD,22,1782809520000
T005605,WEATHER,44,1782497640000
T005615,DRIVER_LATE,41,1781806260000
T005620,WEATHER,28,1782183480000
T005628,DRIVER_LATE,12,1783294920000
T005632,GATE_HOLD,16,1788489960000
T005635,WEATHER,23,1781956380000
T005652,VEHICLE_BREAKDOWN,7,1780940220000
T005653,VEHICLE_BREAKDOWN,23,1781092380000
T005654,GATE_HOLD,8,1785865080000
T005661,GATE_HOLD,36,1781600760000
T005664,TRAFFIC,43,1784117580000
T005681,DRIVER_LATE,11,1787240460000
T005689,WEATHER,27,1786795020000
T005693,WEATHER,19,1786438140000
T005700,TRAFFIC,23,1781437980000
T005701,WEATHER,8,1784741880000
T005705,DRIVER_LATE,20,1783900200000
T005707,TRAFFIC,12,1786880520000
T005712,TRAFFIC,9,1784396340000
T005713,WEATHER,14,1784504640000
T005715,WEATHER,10,1788219600000
T005728,GATE_HOLD,10,1784288400000
T005733,VEHICLE_BREAKDOWN,33,1781319780000
T005761,GATE_HOLD,43,1782864780000
T005763,WEATHER,22,1785142320000
T005764,VEHICLE_BREAKDOWN,7,1785339420000
T005771,DRIVER_LATE,30,1781308800000
T005780,VEHICLE_BREAKDOWN,25,1787972100000
T005784,GATE_HOLD,34,1785931440000
T005790,DRIVER_LATE,14,1781538240000
T005796,GATE_HOLD,28,1787453880000
T005803,GATE_HOLD,42,1781147520000
T005813,GATE_HOLD,43,1784808780000
T005828,TRAFFIC,26,1783252560000
T005832,TRAFFIC,35,1780790700000
T005850,DRIVER_LATE,12,1782906120000
T005864,VEHICLE_BREAKDOWN,8,1787506680000
T005883,DRIVER_LATE,8,1787301480000
T005885,DRIVER_LATE,45,1785921300000
T005899,TRAFFIC,16,1785260760000
T005901,VEHICLE_BREAKDOWN,41,1785748260000
T005912,TRAFFIC,14,1782722640000
T005924,TRAFFIC,29,1785945540000
T005941,TRAFFIC,32,1781319720000
T005952,TRAFFIC,37,1786277220000
T005965,TRAFFIC,34,1787328240000
T005967,WEATHER,21,1784742660000
T005968,DRIVER_LATE,36,1783760760000
T005970,TRAFFIC,14,1784882640000
T005971,WEATHER,18,1785520080000
T005975,DRIVER_LATE,6,1785810960000
T005985,GATE_HOLD,44,1788221640000
T005987,TRAFFIC,36,1788404760000
T005988,WEATHER,40,1782151800000
T005991,VEHICLE_BREAKDOWN,43,1784052780000
T005999,TRAFFIC,16,1786502760000
T006007,TRAFFIC,45,1787616900000
T006010,WEATHER,11,1782128460000
T006024,WEATHER,22,1784343120000
T006039,VEHICLE_BREAKDOWN,23,1787413980000
T006058,TRAFFIC,23,1787586780000
T006063,WEATHER,14,1787625840000
T006072,VEHICLE_BREAKDOWN,30,1784160000000
T006077,TRAFFIC,22,1785671520000
T006088,DRIVER_LATE,8,1786102680000
T006089,WEATHER,7,1781199420000
T006092,GATE_HOLD,7,1781685420000
T006097,WEATHER,16,1782056760000
T006108,DRIVER_LATE,12,1783824120000
T006113,GATE_HOLD,43,1782475980000
T006118,GATE_HOLD,18,1787615280000
T006138,DRIVER_LATE,31,1786384860000
T006143,VEHICLE_BREAKDOWN,31,1785834060000
T006146,TRAFFIC,41,1784679060000
T006154,WEATHER,24,1781020440000
T006158,VEHICLE_BREAKDOWN,36,1783785960000
T006162,TRAFFIC,38,1782151680000
T006163,DRIVER_LATE,30,1788080400000
T006166,TRAFFIC,27,1782205020000
T006168,TRAFFIC,45,1787508900000
T006170,DRIVER_LATE,7,1787366220000
T006175,WEATHER,28,1786751880000
T006176,WEATHER,43,1781525580000
T006183,DRIVER_LATE,30,1786636800000
T006195,VEHICLE_BREAKDOWN,7,1785206220000
T006200,TRAFFIC,8,1783597080000
T006209,GATE_HOLD,15,1787499900000
T006212,WEATHER,8,1785605880000
T006213,GATE_HOLD,8,1787539080000
T006219,WEATHER,27,1786492620000
T006227,DRIVER_LATE,30,1782604800000
T006233,TRAFFIC,7,1781134620000
T006235,VEHICLE_BREAKDOWN,27,1784894220000
T006236,DRIVER_LATE,8,1787452680000
T006246,VEHICLE_BREAKDOWN,37,1783526820000
T006249,TRAFFIC,37,1782292020000
T006258,TRAFFIC,25,1784829300000
T006261,GATE_HOLD,45,1786266900000
T006263,TRAFFIC,25,1785812100000
T006266,GATE_HOLD,30,1786406400000
T006276,VEHICLE_BREAKDOWN,8,1783856280000
T006279,DRIVER_LATE,22,1788220320000
T006304,GATE_HOLD,30,1786536000000
T006321,GATE_HOLD,10,1785001200000
T006328,WEATHER,16,1781081160000
T006331,WEATHER,14,1783525440000
T006332,GATE_HOLD,33,1787875380000
T006334,GATE_HOLD,44,1784290440000
T006345,WEATHER,31,1784030460000
T006349,DRIVER_LATE,30,1786060800000
T006376,WEATHER,17,1787626020000
T006390,GATE_HOLD,18,1788263280000
T006396,VEHICLE_BREAKDOWN,27,1786838220000
T006409,TRAFFIC,40,1782663000000
T006420,TRAFFIC,31,1785434460000
T006424,TRAFFIC,43,1786795980000
T006433,VEHICLE_BREAKDOWN,36,1782410760000
T006436,TRAFFIC,28,1787540280000
T006443,WEATHER,30,1784462400000
T006448,GATE_HOLD,32,1788231720000
T006451,DRIVER_LATE,44,1783700040000
T006468,DRIVER_LATE,11,1787154060000
T006485,WEATHER,29,1787745540000
T006501,DRIVER_LATE,20,1785973800000
T006504,TRAFFIC,21,1783641060000
T006510,DRIVER_LATE,20,1787788200000
T006517,VEHICLE_BREAKDOWN,18,1787561280000
T006529,WEATHER,20,1783381800000
T006560,GATE_HOLD,36,1785315960000
T006573,VEHICLE_BREAKDOWN,19,1782096540000
T006586,DRIVER_LATE,29,1782928740000
T006595,TRAFFIC,18,1781146080000
T006601,WEATHER,17,1788058020000
T006606,DRIVER_LATE,21,1783554660000
T006624,VEHICLE_BREAKDOWN,13,1786491780000
T006629,GATE_HOLD,42,1785402720000
T006637,VEHICLE_BREAKDOWN,9,1784396340000
T006639,TRAFFIC,30,1785340800000
T006644,GATE_HOLD,33,1786244580000
T006649,VEHICLE_BREAKDOWN,22,1786722720000
T006654,TRAFFIC,16,1786491960000
T006658,GATE_HOLD,42,1784506320000
T006660,WEATHER,36,1784365560000
T006669,VEHICLE_BREAKDOWN,9,1787420340000
T006671,VEHICLE_BREAKDOWN,44,1787588040000
T006679,WEATHER,45,1783786500000
T006687,VEHICLE_BREAKDOWN,31,1782270060000
T006693,DRIVER_LATE,18,1786981680000
T006696,VEHICLE_BREAKDOWN,31,1783846860000
T006698,DRIVER_LATE,26,1785887760000
T006700,DRIVER_LATE,39,1787789340000
T006715,GATE_HOLD,15,1787420700000
T006719,DRIVER_LATE,33,1781884980000
T006725,VEHICLE_BREAKDOWN,19,1782377340000
T006730,WEATHER,31,1782561660000
T006738,TRAFFIC,34,1786017840000
T006739,VEHICLE_BREAKDOWN,6,1785119760000
T006740,GATE_HOLD,16,1782549960000
T006742,WEATHER,45,1783080900000
T006758,DRIVER_LATE,34,1784052240000
T006762,TRAFFIC,37,1784020020000
T006771,TRAFFIC,29,1787846340000
T006780,WEATHER,34,1787616240000
T006786,WEATHER,32,1786903320000
T006792,WEATHER,22,1784289120000
T006800,DRIVER_LATE,8,1781231880000
T006809,TRAFFIC,34,1784743440000
T006821,VEHICLE_BREAKDOWN,39,1783786140000
T006827,DRIVER_LATE,23,1783209180000
T006834,VEHICLE_BREAKDOWN,13,1781192580000
T006839,GATE_HOLD,43,1783761180000
T006848,GATE_HOLD,22,1784289120000
T006860,TRAFFIC,40,1786061400000
T006863,WEATHER,10,1782636000000
T006864,TRAFFIC,25,1787270100000
T006867,WEATHER,42,1782951120000
T006870,VEHICLE_BREAKDOWN,17,1782560820000
T006893,DRIVER_LATE,44,1781342040000
T006896,VEHICLE_BREAKDOWN,7,1782689820000
T006897,GATE_HOLD,38,1781309280000
T006906,WEATHER,22,1785973920000
T006918,VEHICLE_BREAKDOWN,6,1786178160000
T006920,GATE_HOLD,33,1787241780000
T006930,GATE_HOLD,43,1785381180000
T006931,DRIVER_LATE,8,1784547480000
T006942,DRIVER_LATE,39,1787195340000
T006958,TRAFFIC,38,1786550880000
T006960,GATE_HOLD,31,1785412860000
T006979,WEATHER,29,1783094340000
T006986,VEHICLE_BREAKDOWN,35,1784138700000
T007000,DRIVER_LATE,27,1783997820000
T007005,GATE_HOLD,6,1786437360000
T007010,DRIVER_LATE,39,1785380940000
T007017,DRIVER_LATE,40,1787962200000
T007028,WEATHER,37,1783220820000
T007046,GATE_HOLD,36,1784883960000
T007053,GATE_HOLD,15,1785714300000
T007054,WEATHER,32,1786982520000
T007058,VEHICLE_BREAKDOWN,40,1785089400000
T007060,DRIVER_LATE,20,1787615400000
T007065,GATE_HOLD,27,1783911420000
T007069,GATE_HOLD,12,1781192520000
T007081,VEHICLE_BREAKDOWN,8,1784223480000
T007099,GATE_HOLD,41,1783123860000
T007114,WEATHER,38,1785427680000
T007120,DRIVER_LATE,25,1787097300000
T007128,GATE_HOLD,9,1787585940000
T007129,GATE_HOLD,31,1781481660000
T007141,GATE_HOLD,16,1787355960000
T007148,TRAFFIC,38,1785859680000
T007157,DRIVER_LATE,20,1786157400000
T007183,GATE_HOLD,18,1787042880000
T007191,DRIVER_LATE,14,1786124640000
T007192,WEATHER,31,1780920060000
T007203,TRAFFIC,43,1782119580000
T007209,GATE_HOLD,40,1781626200000
T007210,WEATHER,29,1786244340000
T007215,WEATHER,43,1785834780000
T007224,TRAFFIC,30,1783339200000
T007236,WEATHER,37,1788372420000
T007240,WEATHER,37,1782065220000
T007244,DRIVER_LATE,17,1786808820000
T007245,GATE_HOLD,39,1783008540000
T007246,WEATHER,26,1786535760000
T007268,WEATHER,15,1785368700000
T007271,TRAFFIC,17,1783252020000
T007275,WEATHER,10,1785811200000
T007277,VEHICLE_BREAKDOWN,26,1781978160000
T007292,GATE_HOLD,33,1786989780000
T007294,GATE_HOLD,27,1780876620000
T007318,VEHICLE_BREAKDOWN,25,1781798100000
T007325,GATE_HOLD,11,1784104860000
T007347,TRAFFIC,14,1784796240000
T007356,TRAFFIC,38,1786504080000
T007361,VEHICLE_BREAKDOWN,20,1781049000000
T007369,WEATHER,11,1788176460000
T007383,VEHICLE_BREAKDOWN,13,1787452980000
T007387,TRAFFIC,30,1788318000000
T007388,WEATHER,37,1784563620000
T007391,TRAFFIC,39,1783501740000
T007394,VEHICLE_BREAKDOWN,33,1785110580000
T007395,VEHICLE_BREAKDOWN,18,1788112080000
T007396,DRIVER_LATE,19,1782604140000
T007409,GATE_HOLD,18,1782229680000
T007414,DRIVER_LATE,45,1787271300000
T007417,DRIVER_LATE,40,1783253400000
T007422,GATE_HOLD,36,1788105960000
T007434,TRAFFIC,37,1787594820000
T007437,WEATHER,41,1786723860000
T007439,VEHICLE_BREAKDOWN,27,1787759820000
T007459,GATE_HOLD,32,1781193720000
T007464,DRIVER_LATE,37,1781060820000
T007472,VEHICLE_BREAKDOWN,22,1782834720000
T007482,WEATHER,11,1787182860000
T007487,DRIVER_LATE,15,1781664300000
T007507,GATE_HOLD,14,1786189440000
T007509,WEATHER,7,1782473820000
T007511,GATE_HOLD,9,1781653140000
T007512,GATE_HOLD,39,1781698140000
T007523,GATE_HOLD,42,1786191120000
T007528,GATE_HOLD,20,1785639000000
T007535,WEATHER,26,1781232960000
T007538,VEHICLE_BREAKDOWN,35,1780848300000
T007562,TRAFFIC,13,1783611780000
T007563,DRIVER_LATE,43,1785694380000
T007581,DRIVER_LATE,14,1786376640000
T007602,TRAFFIC,27,1780855020000
T007605,DRIVER_LATE,9,1784907540000
T007613,VEHICLE_BREAKDOWN,19,1788544140000
T007614,GATE_HOLD,35,1784894700000
T007617,GATE_HOLD,14,1784763840000
T007630,DRIVER_LATE,25,1781970900000
T007638,WEATHER,30,1785553200000
T007645,GATE_HOLD,30,1787184000000
T007647,WEATHER,23,1787302380000
T007658,DRIVER_LATE,36,1785859560000
T007662,GATE_HOLD,9,1786016340000
T007669,WEATHER,45,1784452500000
T007694,DRIVER_LATE,17,1788511620000
T007700,TRAFFIC,16,1781577960000
T007718,VEHICLE_BREAKDOWN,45,1785845700000
T007730,TRAFFIC,41,1781255460000
T007732,TRAFFIC,6,1784417760000
T007740,GATE_HOLD,7,1780789020000
T007750,TRAFFIC,42,1787541120000
T007751,WEATHER,6,1785141360000
T007761,DRIVER_LATE,41,1787746260000
T007764,DRIVER_LATE,9,1787240340000
T007766,DRIVER_LATE,9,1787884740000
T007767,VEHICLE_BREAKDOWN,28,1788080280000
T007769,WEATHER,25,1787388900000
T007775,DRIVER_LATE,38,1788221280000
T007786,DRIVER_LATE,16,1783565160000
T007789,GATE_HOLD,26,1785758160000
T007791,GATE_HOLD,11,1783240860000
T007810,TRAFFIC,39,1780974540000
T007815,DRIVER_LATE,33,1783785780000
T007824,TRAFFIC,34,1786665840000
T007835,WEATHER,18,1788058080000
T007841,GATE_HOLD,43,1786709580000
T007852,DRIVER_LATE,45,1786724100000
T007857,VEHICLE_BREAKDOWN,37,1788134820000
T007873,VEHICLE_BREAKDOWN,35,1783382700000
T007875,TRAFFIC,16,1785887160000
T007877,TRAFFIC,6,1787798160000
T007880,TRAFFIC,38,1785283680000
T007881,VEHICLE_BREAKDOWN,45,1788372900000
T007891,VEHICLE_BREAKDOWN,13,1787917380000
T007899,WEATHER,27,1785088620000
T007902,WEATHER,24,1782928440000
T007909,VEHICLE_BREAKDOWN,31,1784995260000
T007911,WEATHER,23,1782291180000
T007915,TRAFFIC,38,1788404880000
T007917,TRAFFIC,44,1788106440000
T007918,GATE_HOLD,25,1782143700000
T007920,WEATHER,8,1781653080000
T007935,GATE_HOLD,32,1785726120000
T007936,GATE_HOLD,26,1784570160000
T007946,WEATHER,39,1783296540000
T007948,VEHICLE_BREAKDOWN,44,1785860040000
T007951,WEATHER,18,1780822080000
T007962,GATE_HOLD,30,1786557600000
T007964,DRIVER_LATE,35,1781838300000
T007972,DRIVER_LATE,8,1783327080000
T007973,GATE_HOLD,22,1784994720000
T007975,TRAFFIC,34,1783447440000
T007977,VEHICLE_BREAKDOWN,40,1788459000000
T007986,DRIVER_LATE,9,1782290340000
T007992,DRIVER_LATE,35,1784419500000
T007999,GATE_HOLD,24,1785282840000
