business_unit,office,product_type,trip_date,shift_type,trip_id,trip_direction,actual_escort,vendor_id,planned_cab_registration,actual_cab_registration,actual_cab_capacity,planned_km,traveled_km,planned_start_epoch,planned_end_epoch,actual_start_epoch,actual_end_epoch,delay_reason,delay_minutes,route_source,actual_cab_fuel_type,is_driver_nc,is_cab_nc,trip_nodal,plannedemployee_cnt,actualemployee_cnt,noshow_cnt
catalyst-Sac,Santa Clara Office,CAB,"July 1, 2026",00:00,"1,516,906",LOGOUT,true,Rohan Mikhailov Travel,KNE 581 GP,KNE 581 GP,4,19.28,19.3,"1,782,864,900","1,782,865,980","1,782,864,858","1,782,869,605",NODELAY,0,AUTO,Petrol,false,false,NA,2,3,0
catalyst-Sac,Santa Clara Office,CAB,"July 1, 2026",00:00,"1,516,912",LOGOUT,true,Divya Mikhailov Travel,YHF 551 GP,YHF 551 GP,4,15.45,16.17,"1,782,864,900","1,782,866,700","1,782,864,879","1,782,867,835",NODELAY,0,AUTO,Petrol,false,false,NA,1,2,0
catalyst-Sac,Fairview Commons,CAB,"July 1, 2026",00:30,"1,516,895",LOGOUT,false,Vikram Mikhailov Travel,YEG 199 GP,YEG 199 GP,4,29.41,35.44,"1,782,866,700","1,782,869,700","1,782,866,486","1,782,870,157",NODELAY,0,AUTO,Petrol,false,false,NA,1,1,0
catalyst-Sac,Fairview Commons,CAB,"July 1, 2026",00:30,"1,516,898",LOGOUT,false,Arjun Mikhailov Travel,BVQ 893 GP,BVQ 893 GP,4,13.19,12.5,"1,782,866,700","1,782,867,900","1,782,866,322","1,782,867,729",NODELAY,0,AUTO,Petrol,false,false,NA,1,1,0
catalyst-Sac,Crestwood Campus,CAB,"July 1, 2026",00:30,"1,516,924",LOGOUT,true,Vikram Mikhailov Travel,NPA 667 GP,NPA 667 GP,4,25.15,25.1,"1,782,866,700","1,782,869,220","1,782,866,414","1,782,872,802",NODELAY,0,AUTO,Petrol,false,false,NA,1,2,0
catalyst-Sac,Santa Clara Office,CAB,"July 1, 2026",00:30,"1,516,931",LOGOUT,true,Rohan Mikhailov Travel,UIE 506 GP,UIE 506 GP,4,34.23,34.2,"1,782,866,700","1,782,869,940","1,782,866,601","1,782,874,182",NODELAY,0,AUTO,Petrol,false,false,NA,1,2,0
catalyst-Sac,Fairview Commons,CAB,"July 1, 2026",01:00,"1,517,003",LOGOUT,false,Sanjay Mikhailov Travel,DFI 357 GP,DFI 357 GP,4,5.83,5.51,"1,782,868,500","1,782,868,980","1,782,867,918","1,782,868,763",NODELAY,0,AUTO,Petrol,false,false,NA,2,2,0
catalyst-Sac,Crestwood Campus,CAB,"July 1, 2026",01:00,"1,517,009",LOGOUT,false,Vikram Mikhailov Travel,IBV 622 GP,IBV 622 GP,4,16.15,16.3,"1,782,868,500","1,782,869,940","1,782,868,399","1,782,869,947",NODELAY,0,AUTO,Petrol,false,false,NA,2,2,0
catalyst-Sac,Crestwood Campus,CAB,"July 1, 2026",01:00,"1,517,011",LOGOUT,false,Rohan Mikhailov Travel,NDB 525 GP,NDB 525 GP,4,31.52,33.1,"1,782,868,500","1,782,870,420","1,782,868,352","1,782,872,343",NODELAY,0,AUTO,Petrol,false,false,NA,2,2,0
catalyst-Sac,Santa Clara Office,CAB,"July 1, 2026",01:00,"1,517,015",LOGOUT,false,Divya Mikhailov Travel,JHJ 026 GP,JHJ 026 GP,6,13.32,12.82,"1,782,868,500","1,782,869,160","1,782,868,534","1,782,870,586",NODELAY,0,AUTO,Petrol,false,false,NA,6,6,0
catalyst-Sac,Santa Clara Office,CAB,"July 1, 2026",01:00,"1,517,016",LOGOUT,true,Vikram Mikhailov Travel,TWH 013 GP,TWH 013 GP,4,13.68,13.7,"1,782,868,500","1,782,868,920","1,782,868,431","1,782,873,292",NODELAY,0,AUTO,Petrol,false,false,NA,3,4,0
catalyst-Sac,Santa Clara Office,CAB,"July 1, 2026",01:00,"1,517,030",LOGOUT,false,Rohan Mikhailov Travel,IBA 838 GP,IBA 838 GP,4,16.78,17.1,"1,782,868,500","1,782,870,720","1,782,868,513","1,782,870,191",NODELAY,0,AUTO,Petrol,false,false,NA,2,2,0
catalyst-Sac,Santa Clara Office,CAB,"July 1, 2026",01:00,"1,517,036",LOGOUT,true,Rohan Mikhailov Travel,GLL 735 GP,GLL 735 GP,4,31.61,31.6,"1,782,868,500","1,782,870,000","1,782,868,520","1,782,875,380",NODELAY,0,AUTO,Petrol,false,false,NA,3,4,0
catalyst-Sac,Santa Clara Office,CAB,"July 1, 2026",01:00,"1,517,039",LOGOUT,true,Vikram Mikhailov Travel,XDS 361 GP,XDS 361 GP,4,22.23,23.3,"1,782,868,500","1,782,871,020","1,782,868,586","1,782,873,554",NODELAY,0,AUTO,Petrol,false,false,NA,1,2,0
catalyst-Sac,Santa Clara Office,CAB,"July 1, 2026",01:30,"1,517,074",LOGOUT,false,Vikram Mikhailov Travel,CXJ 120 GP,CXJ 120 GP,4,25.44,25.4,"1,782,870,300","1,782,873,840","1,782,870,379","1,782,873,000",NODELAY,0,AUTO,Petrol,false,false,NA,2,2,0
catalyst-Sac,Santa Clara Office,CAB,"July 1, 2026",01:30,"1,517,077",LOGOUT,true,Divya Mikhailov Travel,WHY 162 GP,WHY 162 GP,4,18.08,18.1,"1,782,870,300","1,782,870,900","1,782,870,211","1,782,873,865",NODELAY,0,AUTO,Petrol,false,false,NA,3,4,0
catalyst-Sac,Santa Clara Office,CAB,"July 1, 2026",01:30,"1,517,080",LOGOUT,true,Vikram Mikhailov Travel,LWX 288 GP,LWX 288 GP,4,25.35,26.57,"1,782,870,300","1,782,871,560","1,782,870,332","1,782,875,158",NODELAY,0,AUTO,Petrol,false,false,NA,2,3,0
catalyst-Sac,Santa Clara Office,CAB,"July 1, 2026",01:30,"1,517,087",LOGOUT,false,Vikram Mikhailov Travel,HSZ 557 GP,HSZ 557 GP,4,14.7,14,"1,782,870,300","1,782,871,980","1,782,870,363","1,782,872,310",NODELAY,0,AUTO,Petrol,false,false,NA,1,1,0
catalyst-Sac,Crestwood Campus,CAB,"July 1, 2026",01:30,"1,517,088",LOGOUT,false,Vikram Mikhailov Travel,NKP 066 GP,NKP 066 GP,4,25.63,25.7,"1,782,870,300","1,782,872,280","1,782,870,153","1,782,873,064",NODELAY,0,AUTO,Petrol,false,false,NA,3,3,0
catalyst-Sac,Santa Clara Office,CAB,"July 1, 2026",02:00,"1,517,207",LOGOUT,true,Rohan Mikhailov Travel,JXU 601 GP,JXU 601 GP,6,4.85,5.4,"1,782,872,100","1,782,872,700","1,782,872,099","1,782,873,904",NODELAY,0,AUTO,Petrol,false,false,HOME,5,6,0
catalyst-Sac,Santa Clara Office,CAB,"July 1, 2026",02:00,"1,517,210",LOGOUT,false,Vikram Mikhailov Travel,WCX 096 GP,WCX 096 GP,4,25.16,23.8,"1,782,872,100","1,782,874,680","1,782,872,050","1,782,874,722",NODELAY,0,AUTO,Petrol,false,false,HOME,1,1,0
catalyst-Sac,Santa Clara Office,CAB,"July 1, 2026",02:00,"1,517,220",LOGOUT,true,Rohan Mikhailov Travel,GYF 312 GP,GYF 312 GP,4,19.1,20.06,"1,782,872,100","1,782,873,120","1,782,872,241","1,782,876,628",NODELAY,0,AUTO,Petrol,false,false,HOME,2,3,0
catalyst-Sac,Santa Clara Office,CAB,"July 1, 2026",02:00,"1,517,229",LOGOUT,false,Divya Mikhailov Travel,QRE 462 GP,QRE 462 GP,4,24.68,25,"1,782,872,100","1,782,873,420","1,782,872,236","1,782,874,718",NODELAY,0,AUTO,Petrol,false,false,HOME,2,2,0
catalyst-Sac,Crestwood Campus,CAB,"July 1, 2026",02:00,"1,517,237",LOGOUT,true,Rohan Mikhailov Travel,LQN 079 GP,LQN 079 GP,4,27.45,28.9,"1,782,872,100","1,782,875,880","1,782,871,761","1,782,877,306",NODELAY,0,AUTO,Petrol,false,false,HOME,2,3,0
catalyst-Sac,Crestwood Campus,CAB,"July 1, 2026",02:00,"1,517,239",LOGOUT,true,Rohan Mikhailov Travel,NLS 933 GP,NLS 933 GP,4,13.75,14.49,"1,782,872,100","1,782,874,080","1,782,872,389","1,782,876,388",NODELAY,0,AUTO,Petrol,false,false,HOME,2,3,0
